size_sqft,bedrooms,age_years,price
2248.3570765056165,4,42,482622.77993011393
1930.8678494144076,1,18,304397.8066449681
2323.844269050346,3,4,457008.3354012911
2761.5149282040124,5,10,605122.2558975875
1882.923312638332,3,11,429719.6020903618
1882.9315215254098,3,9,421583.81157032115
2789.6064077536957,1,7,409817.4510046703
2383.717364576454,1,23,326121.3197408841
1765.262807032524,1,27,255973.00956656242
2271.2800217929826,2,40,332182.79251716426
1768.291153593769,4,35,415299.4803796453
1767.1351232148716,2,36,279859.01001144253
2120.981135783017,4,20,481929.8441650573
1043.359877671101,4,7,425660.8566577809
1137.5410837434836,3,8,355896.79231967835
1718.8562353795137,3,46,320645.98531502293
1493.5844398327881,4,14,388905.27185691305
2157.123666297637,4,47,461165.0368275516
1545.9879622393944,2,45,235348.35495896658
1293.848149332354,2,39,272598.8657951291
2732.824384460777,3,17,505245.3849609398
1887.1118497567322,1,41,250791.96990157172
2033.764102343962,4,19,458801.9401398793
1287.6259068932716,2,5,272869.80883830163
1727.8086377374086,3,11,409032.48879405635
2055.461294854933,2,1,419044.28779538843
1424.5032112888487,4,6,403223.31822518975
2187.849009172836,4,15,484889.36405905604
1699.6806550405975,5,2,516914.6133792835
1854.1531251033616,1,44,262029.62820907537
1699.1466938853016,5,2,516009.7462916099
2926.139092254469,3,26,449955.9253764073
1993.2513876310331,2,49,288076.69452654105
1471.14453552205,3,42,318730.09818693047
2411.2724560515944,4,39,484165.4541561534
1389.5781750144888,5,37,399516.9022665927
2104.431797502378,5,32,551134.4266139882
1020.1649380601123,5,27,350654.6670850871
1335.9069755507846,3,0,369498.1931786309
2098.4306179345617,4,7,493767.2217061369
2369.233289997705,2,36,359904.5999109489
2085.6841405949854,2,31,315764.8558141277
1942.1758588058797,3,47,361414.1295743828
1849.4481522053557,5,42,460222.1665033836
1260.7390048162863,1,36,205272.9366311673
1640.0778958026456,3,3,416303.8861617275
1769.6806145201062,3,29,358373.6511658099
2528.561113109458,4,5,502422.0375582316
2171.8091447842307,2,45,309264.91772711696
1118.479922318633,3,18,329774.35676709935
2162.0419846973973,3,31,408272.80884089967
1807.4588597918416,5,8,515780.3622938304
1661.5389998470207,5,11,507871.6066843278
2305.8381444204338,1,10,346055.16330579296
2515.4997612479756,4,45,462217.002552561
2465.6400595580994,1,15,380866.325415933
1580.3912383886807,5,0,505916.8783763093
1845.3938120743926,2,44,265456.28299728676
2165.631715701782,5,20,502525.9623287898
2487.7725635611796,4,29,511548.56446310214
1760.412881077355,5,12,536853.0921812998
1907.1705116680914,4,33,454099.1288624104
1446.832512996986,4,3,444487.1500432495
1401.8966879596646,4,27,356111.3537455491
2406.262911197099,4,37,466467.5022003882
2678.1200142854113,4,30,546868.3797273017
1963.994939209833,2,26,359861.7034323952
2501.766448946012,1,4,386989.7068275044
2180.8180125238173,3,24,435797.4320734122
1677.4401226974378,1,2,282009.13210435363
2180.697802754207,4,32,436677.9958292156
2769.0182832329847,2,3,443797.0435477404
1982.0869804450242,5,24,511947.9935032132
2782.321827907003,2,19,458084.7702837026
690.1274479551278,4,33,299167.0941155536
2410.9512521876118,2,25,369271.883300272
2043.5235341190858,2,4,395858.6260735429
1850.496324767066,4,34,404885.13520986144
2045.8803882677512,2,27,330683.7712094315
1006.2155426995536,3,28,303096.39640268654
1890.164056081244,3,8,404066.6000451576
2178.5562857558734,2,37,304696.88525148504
2738.947022370758,5,49,492291.8404779962
1740.8648908631762,4,5,424004.97741591884
1595.7531985534063,3,18,379763.11776974576
1749.1214782077318,5,43,442672.28377517726
2457.701058851037,2,10,428283.1082478077
2164.3755548298423,5,1,579130.8467949829
1735.1198981164805,1,46,261310.96121457597
2256.633716556678,3,43,374856.7083850399
2048.5387746740203,2,43,329015.8143983625
2484.3224952664445,4,8,492941.86184149754
1648.9734530613239,2,20,359365.08896271617
1836.1689267011159,4,23,406496.1117146577
1803.9459234339213,2,33,296642.5643673812
1268.2425259339407,5,21,419881.5147500668
2148.060138532288,5,2,522649.2389351735
2130.5276360899447,5,11,541867.1530442084
2002.5567283212304,1,27,301603.26953716006
1882.7064333124263,4,29,425535.30155670387
1292.3146289747929,5,25,390725.27209670236
1789.6773386173204,1,47,284552.3897330248
1828.6427417366153,4,20,456595.04408620275
1598.8613653891905,2,27,371741.68763016805
1919.3571441669953,1,25,271807.9834195422
2202.0254284072694,3,32,430149.5985451513
2943.0929506052653,1,20,423791.1422453806
2087.2889064159194,1,34,283464.5130641579
2128.775195361382,4,33,482153.79206261877
1962.7770421169164,2,40,306142.45402134716
1040.6143923504792,3,46,253039.15374943273
1986.7430622753916,5,17,427888.5589290796
2030.1151049705131,5,10,543237.2118406172
3231.621056242643,1,22,396024.3578322042
1903.8195176094387,4,47,382613.92186855606
2150.7736711668063,4,21,447421.8761480549
1982.6441151473784,5,16,507108.62303178135
1415.660981190234,3,4,394663.1038744593
2571.4114072575103,2,43,371419.67980197
2375.966516343387,3,10,485337.68389698386
2395.5159735215234,2,29,413192.33574179315
1545.3062726026305,5,14,467310.7288433172
2701.3971554680497,2,26,406175.5344964021
1299.0744686038595,4,34,385850.6382019362
2293.428546900135,1,32,341269.03690851177
3095.227812904989,1,19,440037.5529930751
1504.7318374346557,5,15,446668.71357498184
1716.851135198614,4,33,416251.4901574015
2049.8256825438207,3,1,455719.3333555643
1748.2621729419004,4,34,433139.4408279317
1224.6682844669338,1,39,180145.02620824965
2034.2814874030137,1,27,257762.89146155346
1468.8481431369476,4,46,372140.7343232015
2236.796215317591,4,38,383720.41195033153
1540.2878828830983,1,5,275740.95319090155
2774.96720250877,3,8,485916.8324679196
1608.3733538318816,5,19,447088.96861054446
1838.9692418971622,5,0,515171.13741583884
2406.758608684835,4,7,557110.2001122743
1384.5678417830225,5,22,464970.6696534616
2113.729967302065,1,2,351079.7296803938
2653.5713771412143,1,3,437697.72451059765
1196.2583827193862,4,24,345068.4093927793
2092.3169292661523,4,46,387274.6082829363
2129.9413971242116,4,37,460584.0561935859
2390.911435888655,3,14,475582.2243219317
1381.5246445609591,5,20,436645.87941651285
1339.7716934578618,4,34,337590.64700333297
2260.970782808449,2,45,372590.37515679334
2148.492336616593,2,13,345846.66988796386
2125.2464251729384,1,35,277563.9941337048
2173.224104748488,5,11,551036.8236627963
1659.9876392107547,4,16,479052.8841318616
2116.1268485805017,2,38,345190.19015988073
2146.5362366493405,5,8,560661.2399902665
1642.824290986816,1,34,232047.83659497843
2932.8872555723783,3,12,533500.7311891027
2236.9164604558937,5,14,548324.3790675665
1404.3482513986758,5,17,416723.21162942867
2328.276804316915,3,32,438651.05176901916
1512.6591648863393,5,5,515525.7512348052
2393.542301871226,1,26,357438.3564076517
2579.297789503702,1,22,364762.97709201527
1589.6588408241448,3,26,333061.46200367325
2481.6880646221607,4,33,424439.21318009443
2206.390463468249,2,45,334565.3864818612
2411.030079997245,4,37,494151.5594932457
2948.396491326974,5,13,643727.9608597744
1877.3059419985648,2,35,338132.4152847027
1623.1319178212552,3,7,396457.91731839074
1555.2427851872383,3,34,364710.8828695112
1592.0948575172808,2,18,346313.53134812566
1961.4491452929478,1,29,277579.0755112559
2170.575987408322,2,13,407972.5491562284
2138.3453996650096,5,19,512435.56133126863
2413.591624518012,1,48,308859.76824222424
2006.5009459389535,3,24,370172.1784863687
2726.7670385786582,2,39,364121.40864104277
1867.671583381022,4,23,467222.33451169985
3360.0845832948094,4,13,633447.4613846
2312.8336738825033,5,25,547123.6559026461
1571.4212217918587,4,37,385341.3427055066
1464.5537509694439,2,22,242673.51432134068
2241.2362076215927,2,21,380251.722306997
1888.2686073370746,4,47,406181.43991345336
2357.000247046046,2,18,386331.6935156148
2236.6188122867725,5,45,465849.5264084713
1963.5855436715635,1,2,378469.06407099863
1576.6031409657976,5,41,424153.0893117895
1242.5763876570677,5,18,449627.51800676633
1776.7425239664894,2,8,381027.5389371331
2428.199397161736,1,27,313784.0128035467
2107.046872065102,2,19,377534.87277436507
1377.130610644006,3,44,332704.17342633306
2086.590462925591,2,6,442139.6258750522
2192.658689864418,2,13,394264.27891680907
1558.0712818994334,2,8,333858.53950626653
2076.8625529727638,1,18,328411.8570007147
2029.1043592229998,2,46,317001.362097988
1428.5148510846884,1,13,301520.4367617477
2178.8936801741415,4,37,418979.57578823745
2280.3922631841174,3,35,401042.39916426124
2541.5256215876384,1,39,298224.0289868511
2526.9010260174514,4,16,495387.73045680573
1311.1653160214544,1,29,232530.88198062356
1531.0874800424385,1,8,307355.1940451695
2257.51763360433,3,32,395516.97101683944
2256.8929754561045,5,24,546991.6672699926
2257.523843153024,5,13,577541.8507436016
3926.3657453273604,1,10,571004.2244935707
2285.4452553465835,2,34,362288.19675568456
2567.7828200902995,4,40,460784.16882292664
2477.000881746601,2,13,396638.2898845127
2325.695625652899,2,29,347024.73261729255
1842.3653776798271,1,40,285481.0553030729
2379.4846102466336,1,3,344071.0774507721
1613.587392731214,1,3,335802.4514144014
1881.5906966299956,1,27,262448.04393169587
1757.3182260854483,5,7,494601.6676620597
2040.9370696931612,1,1,348304.82059406664
3157.3292833367545,5,40,568141.5645945127
1066.3674037041258,5,45,389936.234244402
2343.1300951872568,1,21,387646.6083182951
1193.642064405174,3,40,272928.402501689
1764.0340671052832,4,15,435597.46073141263
2544.475298483683,2,28,394364.50966627087
2032.1400095477313,5,48,470740.4200420891
1461.127611035347,4,47,348275.65412963834
1642.3481453700158,3,29,390916.24981331645
2339.798874467338,2,11,440645.48536078195
1634.8166841414316,2,34,265845.10957426566
2108.2292947909873,5,10,553847.1336184695
2022.7859199519069,1,45,300287.0729279283
1674.1998261970916,3,49,307050.4589755371
3071.972044662663,5,20,609840.5826714274
2316.9595111590056,3,20,428495.0261695766
987.4287066711964,1,4,228065.980279032
2093.227157384714,1,47,223611.42694069515
1669.1067676158061,5,19,445702.80297495436
2426.216667398112,1,36,322558.5097082419
1603.7396307836498,4,2,494213.9124446844
1942.6317792665504,2,43,292929.157613698
2252.4936394902284,5,32,495180.4313753089
2432.8775970850606,3,8,519825.78646902443
1399.8517964721118,4,8,396278.74310181156
1832.7493820795257,5,3,485743.859140292
1762.527344419522,1,34,237539.8485385147
1673.335383713144,1,16,268763.92640145525
2882.7271201405483,1,33,328586.3848966782
2202.490855480478,1,23,321048.04289118253
1369.5580228324775,3,31,348666.96102978615
2458.9309735273882,4,0,513744.2280098682
3061.0780985063166,2,7,494297.26532447134
2516.2326302755732,3,44,423521.65491822665
1240.3150170229933,3,22,327946.894820442
1757.8829635668744,2,46,288430.61110021395
2633.455574593311,2,39,390278.73902421136
1646.1652671906097,1,11,272298.3277961002
2221.909714073114,3,11,487655.5357076081
2387.3170267146684,5,45,529925.6235233722
1536.5347642109584,2,46,291401.26135212503
1970.2373219690999,2,14,394365.6257105066
379.3663299654637,4,40,218562.14626072076
1487.806179332855,5,18,485932.1773785847
1873.7159243034198,5,25,503761.6281190797
1376.1084090175752,2,28,243197.75052816296
2816.2056519658177,1,21,384247.8063178298
1284.9293110196836,4,39,357412.7673351006
1779.9777566515081,5,20,529605.7031182668
2065.3702886430456,2,37,350655.125311661
2720.6366445330577,5,19,562449.5212713482
1282.0689244102803,4,28,414591.60390232713
2581.5818760774796,4,3,553252.6816755952
2005.1165305097936,3,6,432115.62462840206
1509.2456744760245,2,27,288746.61253288214
2231.0517371316355,4,27,428516.2927625853
2099.529847786735,3,3,451208.74718326994
1699.8915614206026,3,21,390426.28757470177
2034.9010424950095,5,11,521855.5210613705
1807.34320156912,5,44,453245.63208810095
2056.758672625624,3,2,430066.0904897079
2331.0653372605234,5,21,537583.3358691119
2793.008408072676,4,43,501214.34897248336
1381.0922505865756,1,1,290850.7469852431
3066.5166873281332,4,23,520515.04148983717
1023.9561002387491,3,33,275420.4612520942
1924.1074524822084,3,26,432347.318506036
2294.158603242288,4,40,437104.7084659658
2140.495933867516,5,0,564444.7819895475
1688.650240089703,5,7,502696.1302452467
1895.9388748213623,3,22,434799.88145512756
1753.4995326705834,2,37,333609.1563219251
1705.317621527894,5,5,530720.0371482596
2424.8010485105124,4,21,476149.04701673787
2178.5077429825237,5,24,528830.3505280544
1653.545202369673,4,17,445553.0638138456
2449.799937716625,3,16,445514.87288176117
2153.649760438305,5,11,521602.04839763825
2406.43105941948,4,5,573268.4596221237
2314.8144209618063,3,25,423961.3592907574
1585.5024945389637,2,26,346924.6699266751
1719.9094799015152,4,7,482918.29187751486
2373.646802561631,2,18,411561.5998155461
2305.1851327167324,2,41,359831.79918066034
1989.549203017926,1,0,313944.43129352335
2058.663691654391,5,28,505035.7386612996
2638.8324478942122,4,44,511308.7551139619
1704.214305582085,2,48,291454.9181378487
2273.548690585019,1,34,313213.2862351122
1898.903673783053,3,39,404688.79727373103
1891.1593983863897,4,13,458489.9217721189
2549.3884259935953,2,34,371449.95072381746
2412.708174494015,5,47,501116.6153513579
2406.754818000319,1,44,321837.1660028218
2652.7394035771645,2,19,384329.08796250995
2010.5019208163794,5,48,462171.9081688984
2340.976485647482,2,12,430356.27395315596
1844.866621703272,4,37,403745.62153790565
2162.0831762442212,4,48,447882.4367819882
1934.9284728161576,4,45,419522.51384189253
2048.497982496359,1,48,312384.3762124128
2297.5785127184568,4,7,496992.77883231523
1590.8896583832638,5,42,445856.7121007286
3046.19363784273,2,19,441186.2660893379
1496.991309250149,3,32,295314.96964309673
1392.9056936061338,5,25,388402.29829016654
2579.055436750034,5,38,545363.6442349266
2395.831346981468,4,20,504189.3325467494
2312.0599085260774,1,48,273229.71441856393
2314.17275463214,2,41,305079.6671144737
1993.8766135765427,1,42,248127.99570418734
1551.3728142570842,2,40,275239.60661759484
2037.9022790968631,2,8,407619.4620795137
1661.4191442439442,1,23,269728.52066820377
2487.5598667088757,5,36,533057.4952385195
1926.4713092489308,2,48,287243.82140053966
1587.2514016037442,1,40,272455.74522355327
1839.3070791735033,2,16,326474.46680914465
2206.4657271378123,3,23,407165.61728165305
1718.1377235980126,5,20,469504.8205099634
1588.8898022167843,4,38,396456.59017109656
2121.843605745956,2,40,306212.8658299236
2122.4832855543614,3,38,389641.2933191361
1746.5284123144352,4,12,454775.5948171074
1764.4808471908386,4,10,439089.13545074937
2116.0249686788184,2,45,329851.9833918033
1275.957829251338,1,18,216400.435456698
1296.2681128117224,2,10,281699.9577196286
1640.777889373782,3,12,392567.93285041425
1893.2764241440764,4,45,357833.7527774561
2155.4537827990025,2,44,273925.3107161443
2737.678108474776,1,0,437088.6433673976
2428.8298116010096,2,39,391107.2297248802
1920.0307350182864,5,43,444332.99553451536
1990.4918960486557,1,18,296347.4233024213
1498.7353176810957,3,11,403011.9124174735
1990.743432003805,4,7,456435.8877504075
1855.670680539931,2,7,337482.7524359641
2161.3592801690447,1,44,295826.8386096167
1586.3845282238385,5,11,486864.40748519154
2259.673257120586,1,47,308589.2441943145
2766.369456501289,5,32,509130.2986806794
1945.6199257715712,3,44,321545.14279919304
2200.8558610494706,4,25,470443.88760105096
2345.0719958555565,3,38,418949.0420476503
1799.389764057082,2,27,347113.9035979447
2112.0462409052084,1,4,357575.0683107403
2006.2962003908974,5,7,540745.998923054
2048.838049274416,5,24,497148.7663516866
1613.4951080722667,1,26,299122.1334298396
2012.2550871294713,1,45,233649.9223261847
2248.999145622725,2,22,389875.418376171
2725.571803897521,3,29,439861.9595250516
2479.6354130426034,5,44,523333.0049493856
3076.591228755778,2,46,389733.68364088365
1616.3262185559752,3,22,386228.0143181089
2436.1603183603393,2,48,350418.65550664684
2091.671002869176,5,46,510783.0796183846
3094.901466608836,1,19,414464.65547909396
1595.8508573224242,1,17,286209.23863843107
1580.139078909612,3,17,354522.5008794434
1700.303677277989,4,1,460833.0425667665
938.0521378450966,3,3,340448.9507706185
1737.1224891596194,4,29,377531.7508541776
1620.4336692231511,2,32,262602.7685676958
2075.1968932381037,2,35,352516.1718197015
2170.87798788858,5,17,529435.628250566
2938.085419607943,4,36,506985.37863459374
2475.2119190930252,5,18,543096.5373988836
1711.5481721687984,1,46,211692.5973237875
1550.792664325821,4,27,403893.03430778784
2245.9595857532527,3,39,407721.85517823
1339.883396489679,1,19,193685.6589083373
2915.729382927177,1,48,380893.789711965
2589.7200603606434,3,32,478514.5251096142
1765.4121739476475,1,11,246274.8483060923
1143.432735454561,4,14,413491.44095352606
2676.9361870827065,5,40,564074.0899915467
1942.730077373691,1,38,268284.1450920577
2618.908155986731,4,1,527461.6000515511
1202.7861706028164,2,28,289659.31935190846
1700.3124885231136,4,40,384000.4721948776
2002.6218498590915,5,9,545984.156081383
2023.490296882371,4,1,555829.0614872816
1774.9672642603782,3,10,413792.6451916283
2311.4249661737495,5,12,534220.3793244109
1466.1897853087028,2,9,320225.7036578772
1928.8102574893533,3,13,397144.8917429106
2060.1478158559494,4,17,482852.02452180797
2257.2194170293747,5,8,539570.2527341924
2355.807439044445,2,38,347759.45834570343
1437.6789540810655,3,27,307657.13604791655
1232.9429146321888,2,2,315992.1163252403
2638.8384109492545,4,19,530302.7109274766
2166.157005989796,2,5,339495.9994210423
1625.756731721723,1,26,267065.01220917783
2775.5759877612613,3,1,524415.0929987066
2057.8373171464295,2,28,330658.93299573974
2589.6485920319133,4,37,535680.5823099382
2033.7592407050545,4,2,523337.8372606243
3030.3739624409936,2,15,445627.33409031434
2877.6704212216023,4,29,550722.9641114387
1875.5179257604632,5,39,490664.2444765727
2485.785475477178,5,1,599879.0706131568
2322.6879747925736,5,16,559304.8484029404
2684.3157787661744,1,40,346890.2445496572
1517.5382697099478,2,11,277608.4304979126
2343.0257299992195,1,34,311630.833078662
2529.212243424794,4,42,462948.40329287865
1120.630256788443,1,0,297816.91659284127
1408.3707436671125,4,44,361180.27095575805
980.3839111199497,4,14,362598.1170590776
1865.2965827777211,3,25,384276.5397529969
2358.771127897981,5,36,539461.752330483
2751.178526048014,4,20,530503.2360236685
2037.0473902098877,3,48,340249.85069369857
2814.3077727856457,5,30,564538.222455543
1309.9492708925543,4,24,406512.33068482246
1148.3087803224228,4,22,383235.0006721907
1972.2261505516906,1,23,302329.3143888969
2192.0327244696537,1,37,299991.7549330861
1983.6526259529535,5,27,480371.70075540827
966.2789499800617,4,20,351779.1599869398
1955.4399802436058,2,42,294961.38997999765
1347.7652497475733,1,17,243407.04286726375
2334.836274415019,5,35,547138.0840321676
2183.299123048424,4,34,423383.11702041264
1530.0601068363223,4,44,347788.06902305933
1743.0665413316533,2,8,326949.1825597716
1470.3932390555242,5,37,386266.6049758624
1968.660451363414,4,29,434196.74728145916
2477.571160250619,1,43,296316.88648004225
1507.1369768322281,2,33,328755.9209530276
2252.023257758922,5,31,506131.1621214474
1734.8711908137795,2,2,401722.0406671286
1603.563583868828,1,2,330556.5202603986
1946.4848200227211,5,27,485424.6281216718
1482.378838790313,2,43,314991.27343117184
1723.1753473264089,3,14,401030.8843942611
1401.0610537055757,1,40,247931.3370206573
2982.3625664581946,1,22,439151.1789353511
2017.6317759858644,1,39,284129.377226206
1650.1372460037073,3,10,413791.995795517
2106.989955367111,3,47,382300.780914698
1943.8359751545852,4,31,403777.06173066585
1889.5152002333887,2,35,320383.77888466424
2307.0833500217127,4,32,493564.5158507878
2378.7538550236527,2,23,430030.0434364068
1734.7494261947363,3,38,329458.9508236749
1712.09087967766,3,33,368429.8705130915
1862.474151424178,4,27,436019.17047435616
849.0394176322076,5,36,359957.09014868084
1242.404468900724,4,6,421140.512620698
2683.4371337222624,2,3,467793.64863887965
2822.4838567506417,4,36,523783.57489687885
1875.4819802218108,1,0,373591.11704593233
2288.2784815278833,2,0,448431.0379244059
2155.625077271768,2,46,331327.28919899435
3539.4404042276187,5,19,712559.6668433388
2559.7874557172886,3,18,497726.98546873726
1936.0412042596167,2,28,335294.15946087794
1522.229779699787,3,9,353794.96791115607
1196.7768398712137,4,17,360981.91696410975
2101.7318179336116,1,27,329503.99300125206
1621.8246273578484,5,34,428424.6507544603
1288.873145201163,3,42,269685.92759231763
1676.7135578787368,2,46,256719.22262069368
1459.2259981928023,3,30,318737.99201701273
2843.5708175362824,2,26,453623.27344818454
2440.819878474725,3,10,470163.43595291564
1996.0136793416914,2,48,269292.002926684
2739.972069445013,4,48,478773.32938856026
2038.684153823809,2,37,335425.068693587
1569.357899335868,2,4,336952.36839756556
2761.5620386348287,1,7,441053.33096830035
2269.455021842329,2,33,350422.03004192584
1481.3769228367719,1,47,231846.13444960595
1904.830660958196,5,11,533402.635587694
1562.1908733076214,1,37,255384.2250318723
1308.6001345178317,4,0,403396.2424316233
2463.088773765821,1,30,338766.63218253467
2954.7083202350655,5,3,638150.1319091372
1300.7162130904294,4,48,298521.4581863546
2281.4846183452855,3,44,417774.9800796013
1674.6787154390863,3,49,299032.84912122483
1756.4373081176518,1,4,302404.5350908656
1703.8030378805654,1,29,237047.4078981134
1568.004615160092,5,23,478330.1196677685
2024.2608139724134,5,2,510277.8384279264
1584.524941794481,2,10,353899.36419106234
2135.2284128899196,5,44,501635.6909450785
1974.8809452754315,2,3,404917.55521818716
1880.5259765667952,4,25,455868.30975284026
1546.218168979201,1,26,271610.47863737115
1711.6143347158336,4,45,357425.8253034393
2377.695612912878,5,42,539637.9357828964
2250.4585938121904,4,26,461543.95302788157
1511.2223776007245,4,41,367462.5473203232
2049.666152714613,4,49,398650.68231268734
2375.6935616858946,5,5,589857.9091905222
1165.297359439314,4,14,375078.8048654958
2271.6800961899676,2,29,370840.90272493096
1668.6881205270768,5,41,403985.2166240575
2285.2993342965797,4,36,485646.56364219723
1618.3704217287416,5,36,456605.56582162925
1097.5589496677405,3,41,270449.4009192298
1186.2287810584187,2,36,234894.1523551966
2024.042473330691,4,34,450519.9534910115
2129.8612508607407,3,22,401303.79057017504
1547.8416874477957,3,5,397918.30163890874
2319.296229388687,5,3,604964.5926246538
1169.23996886552,3,17,312642.5689081222
1966.9601006763417,2,8,389911.03079563926
1394.4919001187718,2,48,251342.3216852645
1674.0819460989205,1,28,258974.774143325
2023.699335658207,2,12,365775.19396322226
1569.7933173580238,3,46,345349.258158162
1807.7222278850872,2,16,333833.00689433457
2503.14640460722,5,44,467013.6679324815
1711.5540652384257,1,31,275168.7463146184
2417.8460560325707,3,47,367752.0218590612
1435.146572671191,1,21,268811.6858884963
2264.9020889576414,3,3,503862.7900918502
2720.78431032895,5,4,629822.1779928618
764.1777499363553,1,36,181203.05754082283
1601.5523722647615,4,40,430656.46489971736
2288.53606359027,3,48,407022.61792425066
1898.4773069785037,4,12,474112.0655134862
2185.5729366856544,1,33,343405.99825665663
1698.0074066420898,4,44,425670.1292853736
2043.29489373645,4,21,506548.7839551305
1922.1613823039602,1,22,285912.55035049596
2583.8910308299037,5,2,570538.6441205303
2127.2104216506063,4,41,416891.2375791885
2168.801331037601,4,33,468471.1734985894
1794.0615169387663,5,31,471385.12532717927
1756.1968879637532,4,44,382457.6641669541
1783.7209060901896,4,48,396384.1255791423
2197.2260711891486,4,20,442952.48007708316
1789.5077595898686,2,45,292480.0084262754
2144.8874284482063,5,43,506450.1839660175
3037.700399322719,4,20,577502.9310462277
2435.562351715846,5,43,524851.4807174279
1836.9882339160795,3,10,453633.14314042084
2600.6069610819723,3,38,432407.11398635554
1795.9623134892242,4,3,457268.939815164
980.9377324110731,5,0,477831.64930773334
1495.9568445412979,5,27,474873.70022997796
1064.6040394870722,5,23,424417.69581760216
1824.2432579793456,2,34,310415.05078337336
2009.2091895947758,3,12,426955.4102346772
2838.2186561376416,5,46,509902.541810487
2163.463686882081,5,33,528170.0319433882
1890.449735595568,2,10,395986.2562977853
2414.7027905917444,2,35,338678.2102975049
894.4323454960575,5,16,429134.03664725914
2117.807279054283,1,34,303883.2692806535
2385.4325969434835,5,17,528993.9069345784
1260.7068771100792,5,39,367920.68268419616
2571.8770216034645,2,21,424525.0338953895
2169.248203747207,2,23,360982.21752704773
1792.3560430495993,5,18,538734.3255687017
2316.3909330531424,5,36,533454.0531715369
3135.346428902198,5,38,599376.9713085255
2090.9331275292475,2,20,382170.2878529846
2124.110293150168,5,7,581682.708824196
1770.319550229878,5,27,494194.9073161712
1575.0778152676041,4,4,462001.942489161
2415.167908272123,1,16,335010.2614197745
1571.9580870455663,3,36,411744.4828397121
2035.7831186096962,1,35,255998.7429282638
1761.1712766174417,4,18,432303.55923424003
2239.489912873196,3,26,380580.7843770696
2166.8310526434743,5,33,514153.05923357897
2518.7699721289496,4,10,535654.7581450151
1744.9918005726265,5,44,455631.09101638163
1865.0625323533143,2,46,251029.61245772053
1510.6181421088463,4,11,456884.45589540794
1777.8533699619443,2,20,317599.4519594541
2188.650246522426,4,10,495139.89466814604
2378.494308322676,4,38,485138.7125492942
1538.9173379111874,2,27,306423.4008944162
2434.8029600528303,3,4,493778.85992195463
2677.8189294024755,1,16,405761.3634378825
2206.7174516118503,5,19,543391.5111596532
2938.397906279033,4,40,505312.09306418535
1613.1054004482135,5,45,417148.8118389406
1377.6726483442915,2,11,321064.2318007247
1110.6398755478608,5,5,428675.08521612774
2748.0221557445916,2,16,467702.4320591759
2327.182828177029,5,18,553934.6310878901
1972.2076645447726,1,25,299090.1731525265
2139.98431315991,1,47,299810.84529177775
1437.2554763508117,1,43,204722.70655479693
3222.875989808413,1,43,381727.07405203086
2064.6105909876137,1,31,282345.3399986623
2054.6973973024465,1,5,354046.414953393
2362.883311949346,2,35,373999.58390322246
2240.5046158683567,4,37,433393.356574088
2111.9420121395656,5,10,536751.8517861216
1604.762772277344,1,32,229986.2205147536
2235.734178567998,2,23,359951.7065114125
2941.012248237517,2,22,406853.7790305805
2672.710023077489,2,14,433498.24596571
2796.5933133196986,4,26,485103.9996799696
1744.3921617844073,5,10,492868.82401995297
1505.1975898707096,4,49,337202.3928401308
1937.1065399501758,3,16,438008.0304266577
2027.8624561443473,2,13,351412.87545669364
2547.0957592354744,3,26,433679.9163031856
1153.7676851425904,1,17,221838.6650344697
2764.7751597303068,1,27,357973.92468546133
1920.9960507105052,4,46,434330.9750065974
1786.55946502629,5,46,408191.76217638847
1493.9478123699162,3,3,383909.66876234557
1172.571664067115,5,6,463558.7976358217
2411.585291980957,4,44,475188.1127741459
2036.658983594202,1,34,276159.85946116515
1355.0195501294731,5,47,343549.46500035253
1352.4606139681919,5,8,465493.4558571816
1832.107650354936,1,7,353011.4769400115
2834.5107626446966,3,44,452505.7614502303
1870.2043243181977,1,16,310930.87899081805
1248.428523440947,5,16,416267.40255466977
1877.128467957028,3,48,312571.0570384862
1863.6382151261648,3,32,372814.86272846896
651.5566785292142,1,31,117496.19479588621
1972.8525667410938,5,7,552819.3122331721
1884.532734895661,4,18,431287.117267907
2348.103182406709,5,37,510193.88622238353
2924.4780474726726,2,2,441303.6317784112
2563.2825147738786,4,4,538483.2047663002
1865.5556547225847,3,12,382909.0517940034
1446.7370456291649,4,46,294624.79412937124
3286.67990162493,3,45,502214.04239590093
2029.609217007244,3,30,433989.9101780137
2006.964645956473,4,15,498933.30432924593
1987.9374564449984,3,49,367836.01289209496
2099.0423803839276,3,31,387551.2088397541
1927.8197940380287,2,21,370929.23511749855
1713.1689965598819,5,28,495913.22962033143
1726.570529379804,5,21,484077.59867976274
1983.6233648920008,2,42,284753.3321813996
1728.2876144331176,4,2,456344.15397852747
1643.577108661418,1,9,338925.12307484023
2053.2151138459485,1,41,271452.9071808407
1872.5113912895724,1,20,214132.24613117983
2751.9964942913443,2,15,408476.56283737964
674.515095803494,2,11,234840.29200178737
2545.7534259612307,3,1,528470.9735565623
2623.0425962488143,1,40,325476.20081470866
963.3048837959253,4,23,376691.27975392406
1828.6562029598256,4,34,401711.5614572953
1814.2795670021042,1,29,224320.64364432008
1296.2441526410894,1,29,209335.38629915682
1611.0916562045622,1,46,227732.79065911335
1444.7120772670855,2,34,283019.9664602414
2876.1352217118115,2,18,420235.82843976526
2467.8391965737305,2,49,340004.0146122789
2635.7775474970795,5,7,666694.6107013097
2360.8360320216175,4,25,455251.8825447398
1435.4741143913855,4,48,364065.4963007323
1737.7398668601131,3,39,293357.0942217664
2244.687280613959,2,6,434063.5236756375
1388.9360955540274,5,29,408585.4748006916
2356.499215086194,5,6,583702.1279636929
1879.8373009209326,4,2,451695.5900478882
1812.5895962252014,2,0,388530.2796269378
2355.4799841017457,3,35,392831.74101663864
2222.13165574302,2,24,356336.96100013633
1819.51691709046,1,36,271001.34186892177
2579.664901682124,2,0,447206.853258287
1459.4683362000515,1,14,277456.369825413
2307.967803472132,1,36,304025.74738112936
2296.550628984192,3,12,457342.40492960106
1845.2267803430047,4,39,417649.8398181355
2163.066511121059,2,7,393556.1897473274
1374.4432118073485,1,4,254543.07653069048
2462.0135096034505,2,8,416893.54431210033
1907.5489317785054,4,0,520633.3726736864
1738.6384897404803,4,35,406768.1760759618
2524.5046129184448,5,34,513327.9999565827
1647.8281547286203,4,1,472821.830682555
1295.7693518182202,3,39,313284.8248053005
1221.685413238048,1,22,241168.51821875008
2303.00497567282,5,8,539854.5675579999
1359.7853237518584,3,33,302918.7575180385
2877.3970909921823,2,45,380818.978689543
959.035296058139,1,13,210887.3318041591
2848.228184145019,4,3,592295.7980430952
2105.5087336013094,1,29,309955.4934784063
1951.6434440648038,2,30,344544.76833540946
1727.5404565955253,5,37,482604.52421884064
2199.5680571760354,5,10,567179.0790298943
1981.1826487875758,5,34,476573.2242538554
2551.650941008261,4,7,511567.96469951357
2057.1138243310197,3,2,433847.70722133026
2075.1508807309388,3,13,424972.46138113824
1818.193893893072,1,12,328547.6350727101
1971.5271881394663,4,44,408469.42046129424
2153.9008844460295,5,31,486985.1895723919
1144.9158036716874,5,33,380169.2582239881
1325.9072889471436,2,44,242851.2736716837
2371.6320470113574,2,18,423412.89375656325
2085.432719063971,5,37,524318.754550775
1908.0083318236605,5,15,505656.61823162436
2009.2169665326967,4,1,497803.1171342047
2173.7908526808355,3,39,359030.542614149
1730.1201598453192,2,16,389491.8302120186
1610.8476372988437,3,33,310059.6927759823
2097.922627548841,4,41,457083.82054939785
1510.813611192484,5,15,461947.96229393664
2204.126377857236,3,37,381428.4754397156
1148.7081978810797,5,1,435120.73049095983
2514.5778186628218,5,1,659708.9981014605
2236.2987412065213,1,25,329167.164702612
2128.0148671569377,3,12,439333.4976432954
2491.345491972757,3,46,429302.8581861392
2832.7372222312883,5,30,557002.9040823798
2507.1850325090654,4,33,484764.6521316817
1079.5628843341774,1,38,183364.69560372076
1360.2115166321491,5,2,469217.5083545116
1687.5907111521606,2,7,384750.0230948639
2013.0455251054168,2,22,351838.1922231441
2258.8295102345614,1,13,311054.64968923543
1637.1280934232673,4,26,404175.37525430485
2093.383382238539,5,28,509567.80501670134
1622.3085338233386,3,38,313893.52253514365
1694.2410985040258,1,38,223059.2400211416
1296.6694515758888,4,0,416010.46920443786
1538.3833769445478,3,16,402369.2291961288
1324.1576971918332,2,40,240236.81915304068
1512.0633735113336,2,29,328934.2628149091
2526.82089830392,3,12,463308.3288766836
1525.3005555840284,1,20,270655.4089648164
3316.1910324186956,2,18,484463.0363863758
2246.6589504404446,5,18,557517.9743013063
2092.418061847437,3,24,383284.95232061174
1570.8211099093933,3,21,383653.5979803701
2350.1549397044955,2,30,377862.2289781916
1712.181086881113,1,16,273218.31326867506
2061.0049073226805,5,22,507944.9536145143
3280.0422691343974,1,31,454350.6004392441
1951.9700501376751,4,9,480643.1176357871
2574.6366631428377,4,9,521895.4659164678
1648.4117874370563,2,35,264723.8466730028
1982.5057547515191,2,7,396885.6823109268
2885.400317817755,2,19,455436.16295704263
1686.5164711061163,4,31,424027.16448781727
2906.2242789984643,1,49,306066.80940760043
2353.8759677277376,1,13,330081.0854504863
1718.766612052866,2,49,302548.64118658414
2316.2038695277606,5,27,535903.9281222596
2486.2772248133647,1,45,321962.7437622755
2310.9049811085983,4,23,461023.322308161
1214.8876400547717,3,14,318964.08404725423
1636.4314120875656,3,21,396424.6076635588
1876.2406822242476,3,29,405583.5095915535
1962.7832854499768,5,3,513070.3413692713
2310.336048775339,2,12,375049.34248121275
2088.8505004666267,4,22,462170.2257788516
1332.3278206449493,5,7,449249.07073009474
2190.0989255029817,4,17,464505.47057414753
2305.292872641912,4,11,477244.8311035064
2279.89522396552,2,30,356278.67618954286
2540.390362777311,3,13,449171.66771190945
2416.9610772744522,2,33,348311.0851522143
2229.5900396142183,5,17,546418.8001255793
1964.9171442706765,5,33,479111.75856988324
1169.5195332420046,5,10,459073.9203625038
2214.809109566293,2,40,300255.07507289667
2103.8438435815556,4,11,488631.3996038996
2135.7894185976866,4,48,469469.88041391456
1361.6257120898451,1,14,248855.75910184454
1459.471729795869,5,30,456565.89814389433
2526.576426666452,4,48,477057.8138860058
1980.2224230716724,1,28,313652.20750719914
2340.750348686312,4,25,488241.57704506424
2014.1591880652297,5,17,531568.0683751283
2014.8780697478717,3,31,406963.1474751123
2469.141902987999,5,21,570800.3410066589
1741.977635891313,2,37,272262.3092512964
2048.060388470492,4,16,430121.42678344954
1768.8623556474786,4,22,394046.64697937766
1782.7518862838422,2,23,325521.1888188176
1845.4139382656804,2,49,301389.5621871342
2111.0668858168565,3,7,419496.406643896
1760.6256891682615,4,40,419161.8303814363
2627.8780627867604,4,5,540230.9269159789
1552.6963488902481,3,4,384950.7546091728
1906.5641779193204,1,43,233753.74289494203
1780.1344708629126,3,28,324893.78811088443
2723.4889421768667,5,27,574081.747428553
2098.277388255787,4,10,532644.431646543
2515.9222697343175,2,0,450025.6138851177
1257.219813481514,5,42,345456.1903057801
2133.5251329346293,4,18,496861.08358387405
2444.8153978117184,3,8,437861.5900285971
2041.141994637712,5,26,471888.33953904157
2532.7401875326755,4,33,481315.56444542826
1741.3557749498138,1,43,241206.66345848632
2704.67372009279,1,3,389250.77198010834
3149.449061809625,2,35,438012.004766813
1818.5807197801705,4,17,465737.1319970342
1777.248739299614,1,14,321029.34605016187
2726.6922385588505,3,12,529955.6344012417
2789.7860728653563,4,18,590714.0735938731
1738.569986423366,3,48,348104.2316838645
1789.9065914520713,3,5,413572.2462851011
1859.1076955697463,1,47,263393.61433504894
1327.7747444828615,4,11,422445.38029841566
1540.674026757901,5,36,444726.5771139465
1497.929616623966,1,16,272223.43128918874
1616.1012174479358,1,22,244808.76919094595
1982.6575563066094,4,25,422563.34543511266
2117.10736626826,4,28,453282.7815999474
2775.2502464070385,3,32,467247.7765368632
1500.8229796306046,4,26,381096.27488976764
2492.161199238292,3,24,461799.6686390436
1893.0055778872454,1,9,373319.70538970426
1975.2681451737835,2,46,261918.54653542192
2337.409746083302,5,22,554297.0865474242
1438.6389892188506,1,20,252214.5333996148
2191.204873092025,4,20,490386.87619256886
2083.226104106528,5,42,463554.7428991455
2246.225632004074,2,12,396971.06607422826
2144.5843219539092,2,36,345695.9434705934
3227.650069955447,3,32,501224.1599071632
1681.130007874342,5,23,434099.4678531867
1734.5015224990912,3,43,331602.2764837978
1688.429736787618,1,10,263432.13297385693
1722.2614404198728,5,16,506555.971806495
1681.306436346741,1,3,265492.0161077211
2594.508265553776,3,46,443167.1860417748
2710.2521239949274,5,24,583764.2874045797
1714.626853125262,3,29,374297.40070587356
1583.8222134478856,5,8,438274.4746485926
2235.707778193202,3,20,425355.7918670313
1723.8884778595143,2,19,363227.93350244797
2316.4659088777557,3,18,432681.3914120182
2101.46151042565,2,18,347194.59729347215
1242.127942501384,3,11,336296.0418749956
2773.752600665031,5,36,553668.3195005197
2897.9388365477607,5,41,536509.6223969557
1693.605654757807,5,16,518205.9962780131
1806.149220032008,4,36,406998.233753441
2142.9326953624527,1,47,256404.03583754707
2167.2283949935127,5,38,458189.2513284618
2329.2721363364153,2,27,391038.378765615
3005.1022693831746,5,40,582051.8843061016
1911.5263862529753,4,34,403347.41597068025
1600.851377730773,2,46,212176.91206522367
1310.3403859927364,4,47,347303.0933386708
1634.5349800290405,2,17,324783.413221379
1983.4365135631015,3,13,430745.4305544518
2897.278931758894,1,34,420657.25651688036
1741.1943504819144,1,43,237448.63895546494
2111.893975819449,4,40,418343.43216087564
1991.788551963624,1,6,308495.8060051539
2594.196636724042,4,40,471609.11888502794
3263.4662129368107,4,12,606361.0550340721
1734.5656135398397,4,17,440789.24686895293
1755.280278740889,1,36,296614.66137576645
2522.080438534536,4,12,540685.1829901022
2340.9457448131557,1,35,310724.55269363534
2923.3536628680167,4,30,514671.3518159648
2291.964092662982,5,1,583863.2283608812
1820.3539546064703,4,15,429360.1915010806
2295.327415346155,2,8,418028.51852306316
2554.3517902914537,4,8,551620.5272017665
2410.241090598682,3,37,411612.80349058204
2253.637015553649,4,10,489606.5404537363
2533.337344794577,2,21,356701.31329608505
2584.6477952228365,2,32,423060.6976827934
2691.0794955187635,1,35,359190.4593080084
2324.3549437948213,5,44,505125.92641910166
1916.4409598415727,4,22,408610.2875897248
2073.356843216661,1,44,303831.65181516757
2603.2544832541785,5,44,510695.0266599658
1591.532164506382,4,33,385933.33388315106
2184.3366544364508,3,8,425701.49405817443
1803.3305938363196,4,23,389659.4161001358
2014.3724114674087,2,7,416370.89893983
2639.2259313036493,2,6,484087.5273653056
2095.5495340099515,3,35,385416.7496171619
2023.2182740780745,1,17,301337.2131626487
1320.0719295100403,5,2,468581.0887226476
2373.1267830136103,4,27,474572.3035504723
2322.7420905705376,2,5,392277.71600256383
3081.62736165273,1,43,364856.355779177
1846.1108825234996,3,43,352438.6380757081
2109.5751638319693,2,20,396411.4475744157
2124.691841855378,3,27,408825.2882858805
2788.7266398817374,4,39,461463.8712656878
1952.352233806524,5,0,554073.9199606193
2139.5107628851697,2,35,337552.81224677316
2303.9482548582696,2,20,424655.0678354236
2093.304561578179,4,42,461066.9012089181
1776.783192724736,1,34,296289.6770791561
2097.0449964491536,5,12,521664.80126058334
2536.815874929886,2,48,407427.9643264275
1486.7423502944698,5,9,489447.7976518397
2066.484837073438,2,43,361307.9938490596
1649.9395925304134,5,46,410428.4689072473
2597.5233144624212,3,9,484287.41300600144
1238.4065476081125,2,45,240691.33857761338
1720.5390763642058,5,12,501850.8478767691
2188.60593753226,1,36,328230.8923399552
2782.7620146171703,3,37,448472.96849800565
1967.124869463506,3,23,429827.8617041095
1722.400236653401,1,1,338545.88634365646
2940.578534720295,5,21,596723.0480068509
1275.993049791878,4,16,411966.22041624563
900.597021689959,1,35,158228.07599816966
2220.007225026666,5,13,604755.8675028097
1748.9728878236945,1,9,240288.9807555083
1489.3835914346434,1,34,247761.93925584032
2354.1782236496765,2,24,343302.9246330415
2121.900356885599,5,2,552548.6181081083
1717.9606846316358,4,46,377655.86622638244
1359.8478006645528,2,37,299675.6190392974
2436.2286641400724,1,16,344319.061112085
2325.1005889793305,1,11,393210.3567894775
1950.4120681103086,1,23,269570.79080541094
2923.318498023833,5,28,619998.5928962548
1464.9576168369238,5,42,400637.12563610554
1237.2374145376307,2,24,277559.6044347911
1654.0459650593777,4,35,386995.12992817763
1977.206991822251,2,25,379779.7860351152
2121.6697246613458,3,37,415360.46854697826
1879.381971071835,1,0,349025.7401217966
2176.0276982571486,1,19,300806.06021104555
1374.230287904778,1,27,215547.4820897217
2721.88230203663,2,15,416473.81706600985
1958.9244108037155,2,46,247688.8689105675
2558.647915794064,1,16,405397.74412565754
2171.362673188852,2,39,330940.67916031776
2228.376609576892,5,27,510375.3118503817
2284.883640116102,5,11,593890.9198472492
2223.8542800086575,2,26,358485.7129412065
2321.361379933772,1,41,279124.3646012289
2664.576265066216,2,46,368838.98599374696
2098.260584850735,2,29,323509.3321881511
2354.5018787942563,2,40,364059.0821116245
1955.1321528563867,3,33,370171.66332903446
2720.0586077247362,5,36,537324.0755076283
1661.8038489703652,4,5,441332.8055965289
2900.470216455408,4,6,575391.4842994906
1979.9210246778282,3,31,388079.13060577906
1284.612448940976,2,31,253461.86768390957
2064.0522074553946,3,24,399436.0723431608
1659.4741712625596,3,32,349909.3464557722
2420.321774494362,1,6,375471.7240609478
1673.6880103488045,5,11,496145.7002067558
1776.9082833926102,4,15,430774.05825806066
1055.2296345272346,2,15,300637.78618088574
1773.8468403754616,4,42,395805.3884727841
788.0603366855216,4,35,296209.86484793026
1208.0485882571384,5,12,455414.4642601772
2380.207328072149,4,6,524161.517836747
2392.9000793254163,4,35,425944.34907044994
2212.7287808924825,3,46,387796.6953447889
1516.5119284353934,5,8,460163.5377839347
1976.1443219290102,1,31,308975.1267736837
1998.1987304547158,2,10,373776.13207313546
1420.8176554037288,4,7,447583.52297514945
2751.6991508835754,2,32,395414.45125841734
2438.6811452878355,1,22,351616.34620729956
1889.517913085168,2,24,371207.87882118864
2013.4429194972654,1,7,330618.87828935595
2104.1914039737762,3,44,357648.71292898257
979.1325657878547,4,21,372289.2719233302
1876.4113087397016,1,3,347532.6707927442
1659.0078760011006,2,39,274182.05926473957
1499.1899950525421,4,2,396282.47399481013
1859.4498535570226,3,28,364694.41091824335
2898.843263424761,4,40,526818.3143846367
2320.4214306335048,1,28,306666.2883277574
1714.4105051086017,3,33,355167.60458545526
2286.291390678079,2,33,346192.0156186493
