feature_1,feature_2,feature_3,feature_4,target
-0.50183952461055,2.0330527837160903,1.3624166663251667,-2.435105826507402,0.3593723887215322
1.8028572256396647,-0.901652334164794,0.286847555390604,-0.716490332642095,0.6252894157490277
0.9279757672456204,-0.911505793884011,1.638515579580928,-2.258918578466705,0.3450209915565649
0.3946339367881464,0.294440876598165,1.2448699802535743,-1.8854277475398544,0.4471873051896217
-1.375925438230254,0.954572761618663,2.7084825589400374,-2.125160798705667,0.20177700160492062
-1.3760219186551894,2.081629671231173,2.4231169978107614,-2.2686488805247316,0.28826732518996095
-1.7676655513272022,1.7331815064260208,1.45837491279016,0.30284380624266793,0.7002620502924589
1.4647045830997407,0.7836108255069933,0.8715702170199604,-1.8571697293564386,0.6032361769104511
0.4044600469728352,0.0945066651266635,3.9521438646223674,0.7084951274577973,0.7240128356726461
0.832290311184182,2.9884980006308446,1.8160064847844595,0.8797061013807634,0.9479460304204093
-1.9176620228167902,0.7047252089438918,2.753096943120948,-0.7149581202516107,0.3664130446475538
1.8796394086479773,0.8055480973187019,0.5622118703134431,-2.4279955093370944,0.6243694712992618
1.329770563201687,-0.34550471523332327,1.9423587986375912,-1.501807026481675,0.38590573075535334
-1.1506435572868954,2.1792381949997175,0.11014687947786195,0.19092905339285604,0.6593858633345292
-1.2727001311715975,1.7747289031259545,2.0218204716418,-1.5304370852117182,0.32726587296869236
-1.2663819605862647,-0.11692154884495842,3.8560696284708094,-2.651931126788845,0.06584770763236734
-0.7830310281618491,-0.6704758175366292,1.536826851943201,-0.7728603562872483,0.5276599874465524
0.09902572652895136,1.7219972082988524,0.15598405029964635,0.3804834059841391,0.813330075192239
-0.27221992543153695,1.618044857124541,0.12382316367737412,0.18370554857400956,0.716488968684697
-0.8350834392078323,0.0930381079928373,1.551947039787478,-2.299507439478587,0.2943477382182205
0.4474115788895179,2.8034542490016414,0.6400997458527762,-0.30894154235013316,0.8415965507607421
-1.4420245573918327,-0.39576843287639907,0.09340838531274365,-2.1179829462574116,0.5717508595432038
-0.8314214058591274,0.7293392041704077,3.0248544558007073,-2.127169861791311,0.17673237079834103
-0.5345526268252332,2.7744636806703955,1.8340920355275627,0.4962870932207406,0.7121116781774185
-0.17572006313185629,0.6789092677044892,1.156979087890618,-2.0013241890390794,0.40539712574552783
1.1407038455720544,1.5541037906563422,3.600332732065923,-1.9470106139279553,0.40766067274426016
-1.201304871366561,0.5903775918511771,0.46455584080210244,-2.997386436954802,0.3890600352925903
0.05693775365444642,0.09686080939468011,3.823675315821277,0.48267613650207064,0.6264242517801611
0.36965827544816987,2.935910591839313,1.2558668695094113,0.17037925283653887,0.8508757999893697
-1.814198349120009,0.6373360252601721,3.553614689234725,-0.490684259637288,0.40976852943650344
0.43017940760575346,2.5763968147165377,2.411771505917846,0.0010630557553690245,0.7753937940657896
-1.3179035052508339,-0.08018157643565527,3.30682943896595,-2.391805730302033,0.13592901409494487
-1.739793628058882,-0.1475811838996668,3.936052652841857,-1.1667056216496983,0.3543722959406728
1.795542149013333,-0.8754636684619546,1.153621751274983,-1.5951224506048765,0.44673289457409154
1.8625281322982374,1.6066673015035402,3.844541941630372,-2.624893894971934,0.20533772308794043
1.2335893924658445,0.47410537489504456,1.5579275796096814,-1.0554780591403037,0.6000988824447936
-0.7815449233065173,2.457432999358548,1.5420476189476893,0.6829586013705415,0.699782473860824
-1.6093115439744645,0.8928396267662286,1.3615484170180228,-2.839763523797222,0.30448570945674985
0.7369321060486276,2.872773711658887,2.165630429390341,-1.8341563460248245,0.5156417234901418
-0.2393900250415948,-0.2578979371875154,0.6165801727139484,-2.169836255177186,0.4879937782760427
-1.5118470606208847,2.474492671822443,2.2148459414320447,-2.0474133853372147,0.45780104772248054
-0.01929235955491926,2.106387411166967,2.166819249640016,0.6337382075175011,0.7934148116652433
-1.8624459155391264,2.083687378576208,3.04760725041948,-1.1277237830628395,0.4929682480929761
1.6372816083151283,2.3791329124675507,3.3345998477503422,-1.1348023482407248,0.4623229840204388
-0.9648800735999323,2.0440959637719955,1.7617654012496962,0.04230256982112923,0.6307588447989861
0.6500891374159279,1.5048812865256616,1.209332997405975,-2.382031183980297,0.4917912985886901
-0.7531556956423562,-0.4750204892704497,1.0373395892683779,-1.0509385835997969,0.506016579181599
0.08027208471124325,-0.8698952820349923,0.7784953468194877,-1.280059143515761,0.49677739389821496
0.1868411173731186,2.6833913912627474,0.23059032879609953,-0.6123572378133755,0.7867755616566153
-1.2605821778978918,1.4666012580829522,1.3697919153388534,0.9982308130017543,0.725423034767525
1.8783385110582342,2.1861491639047053,1.080990768523133,0.07779557632818834,0.7124835670560712
1.1005312934444582,0.9260894060502003,3.8656695434656294,-1.4085371879302913,0.4543352412460476
1.7579957662567565,-0.5307672441504221,2.2308353050001757,0.31021220909618785,0.6532925101341989
1.5793094017105953,-0.49925683118979824,1.3891081561220302,-2.3171665467500793,0.36359190873865843
0.39159991524434057,1.7422611489158855,2.321870403974784,-2.8781452547641595,0.37040457309733454
1.6874969400924673,0.7212235795978508,0.556786805382782,-2.182206510142908,0.602560996921154
-1.646029991792322,-0.19790109319865312,1.7761749968088116,-1.6383537755429614,0.45309114069680784
-1.2160685503234192,0.9663781869657475,2.5049372856842553,-0.9576769701617605,0.40626010944290486
-1.8190908443578477,-0.7431642516994637,1.9555913271698055,-0.5394834378352007,0.6259738875049259
-0.6986786769469426,1.3278856076575951,1.607115202617297,0.642422868857687,0.6721293142523804
-0.44529084124207197,0.07597361774039069,3.9753935555987927,-0.9605839617981693,0.39792823227742513
-0.9146038729044164,2.1902364025487526,3.521259048595708,-0.9948974214970825,0.3450673442175113
1.3149500366077174,0.24144783569429507,2.4936238326377604,-2.7990279607080715,0.283827012251001
-0.5729866932256429,0.8208805963272048,2.277509444729131,-2.8603537893751048,0.21996281511211208
-0.876261961250477,-0.9535178403675975,2.482641919298336,-0.7953601523345117,0.5649093571575791
0.17078433263299386,-0.7102124488217645,0.805248431289733,-1.247285547006622,0.47724325390865024
-1.4363031001009494,0.5699742256267393,1.5805509730572744,0.35672157992119446,0.6103172001777356
1.2087879230161587,0.919755338868494,0.15783813156359727,-2.3572816611526193,0.6610225494737088
-1.7017974252809167,1.4000821924772149,1.9021841499473067,-2.9001133515318016,0.19257390060597454
1.9475477464020692,0.16665031483721293,2.1720983358306527,-1.2038449282794965,0.5688689605400904
1.0889790771866297,1.7799275445061702,0.9109989444128384,-2.05008577299097,0.5922479040815452
-1.2051372738633104,2.4404895887568183,3.856115388662055,-2.80154250664465,0.06411222653607808
-1.9779115315055904,2.1194039555733992,3.637818443748968,-0.10160685260948421,0.6591653161209703
1.2618457138193366,-0.8415246986065714,2.8885729418236235,-2.55362800017101,0.14705745985039
0.8274293753904685,0.9220277890313158,2.1335465150614503,-0.5667219999689133,0.6453002035300125
0.9160286721639492,-0.5802792863273005,3.47987663859074,-1.8758009993324434,0.24382474336608886
1.085081386743783,-0.03181993654989013,0.5226093752938517,-2.306015798579912,0.50976025184791
-1.7038213930636386,2.946650373068586,3.16203917709954,-1.4809939083227301,0.47603164228895584
-0.5661370858229096,-0.4300178283939471,0.4992832558673932,0.20578310489181462,0.7251297701771158
-1.5365237618994811,0.9955526138054243,3.1768426501976217,-1.4316256923817092,0.3159733647641764
1.452413703502374,1.4726229372724764,1.1030702730054278,0.0030785968442228473,0.8287985595403661
0.4931925073102317,1.8098598821764158,3.5083623240727557,-2.4980548128033973,0.3019794701933326
-0.6764079005894033,1.2385947339476564,3.7761683753015913,0.09108567866031647,0.5139844455521444
-1.7457665988559055,-0.9609166103232654,0.5951838776204625,-2.0522667003734054,0.5328016029410898
-0.7560707131373512,0.30584523297596755,1.850702420261574,-0.29042748044450883,0.5308442444367008
-0.6992667118930118,1.0708465735388457,3.9239495126507404,-0.7368737806360146,0.36324959669245727
0.9184247133522563,-0.6485340034206666,1.9336297438925865,0.7165788688467494,0.7009324450618308
0.5502298854208525,0.40250772483672304,3.4541900900581806,-1.4507099280987439,0.423684126136574
1.5488509703053062,-0.8671875648345337,2.3549260885252794,-2.735339244662238,0.2400536779956115
-0.11114029935220282,-0.685686011379917,1.5013196316784074,-2.9233780577949884,0.34927778114531705
-1.5216230162467932,0.5876931048063843,1.1431342221034808,0.3074342438910125,0.5787577021902446
0.85297914889198,-0.4691369838277586,0.8128923643443491,-0.9010574493542713,0.5432649742178793
1.0431401944675898,1.2701633930462326,3.047192765510789,0.10097620733979706,0.7780829368824939
0.24510879027798493,1.757859876549063,1.5461620272921115,-2.0622975999539412,0.48262295534870464
1.083868719818244,2.2023467964363315,2.0451018488030046,-1.619665017947065,0.5006702112294529
-0.024817614542437028,-0.19939902302075962,1.9693019200047277,-2.8795845111547242,0.2555473351005269
0.09093131752797623,-0.330069670963721,2.309116116932525,0.8459692982964486,0.7526971490875627
-0.2898359265658015,-0.581728638662399,3.462308582498209,-0.3285283731967463,0.557772845080361
-1.8983234930236192,1.5457209981745468,3.9229573743337176,0.7328203510372249,0.6389697329087826
-1.5684342920267822,1.8259029059476046,1.6303368342952678,-1.9380143702837107,0.38205862812610947
-1.874283257253063,-0.8736554206974319,3.3100756884252123,-0.5541455550973566,0.555680061385357
0.5456416450551216,2.7448489849747593,3.0581111786188706,-0.28600012682944875,0.7669854977143762
-0.7425760756946933,-0.7921148653941104,2.294115805822293,-1.7298011989696462,0.4104047492521527
0.03428276465881108,1.1651853412042819,3.8241885744477324,0.3924369400625203,0.702815027715729
1.630265895704372,1.8362420778036657,0.8018980621136111,0.7886458516009913,0.8690664128096807
-1.0028310834045002,2.4838764949843424,0.43705684123848565,0.5394204707840173,0.6944842323848135
-0.35846830785748107,1.8563477285297112,3.4158478678216886,-0.043732096242509844,0.5646601993795565
1.0222045541721947,2.2069123322791673,1.7565992665349932,-1.8901412811001839,0.5774403109900308
-1.0848073380335101,0.35780077017122425,3.387875416828242,-1.873535831577473,0.26437424338799587
-1.692080360684828,2.259300454986049,3.5723608207816597,0.8534412817841517,0.845166339935141
-0.8409941883449279,-0.6795406144612994,0.24983037447628575,-2.958862016257232,0.5578511912953061
-1.3551148509839823,2.5792666242421105,3.5338590519442428,-0.1358001070314221,0.6596828706998691
1.7187906093702923,1.190369504614945,1.7932762214776887,-0.17501534977895128,0.7643240344790627
1.2324815182576678,2.269191079849975,2.041729956016929,-0.5092418362008102,0.6835533914834235
0.5336150260416939,0.8092731380732006,2.506370044372841,0.9604353843474631,0.8877764995058929
1.4858423607508708,1.5743107807860999,3.705530426920347,-1.752482256945099,0.4021713839482151
1.2146883075964579,1.1056106437444528,0.07646437771905612,-1.6401125448270073,0.7440998152017314
-1.2537197644558566,1.9263580870213275,1.9073738732712684,-2.684242388213778,0.2633225359808014
1.570235993959911,-0.6734800718776417,2.7508881697222427,-1.2288074538250502,0.43146702968969763
0.1573689676626029,-0.7585916640377448,2.890827830792914,-1.9558058950606076,0.2439830800360713
1.2297606206562501,-0.011587063959414223,2.770129726148432,-1.6264531912894231,0.4131237669898116
1.584365199693973,-0.36182127954724663,0.5377405176324874,0.33828716102251066,0.716929797906308
-0.7279861001125445,2.4871342663688067,1.197582353486725,0.7419380541099829,0.6922449787266433
-1.559792301889293,-0.12314405056782274,1.4348621016680538,-2.2570677119792575,0.3799757555584538
-1.0882593498322333,2.903461023276525,3.21774883071802,-1.5099642737861365,0.4437859725238632
-0.29156884549497475,0.3475831670844274,1.115039489658212,0.7145222484615763,0.725638198804613
1.2720590636899725,-0.27152833724520287,0.8428198554688127,-2.7527661572431095,0.41213173339188275
1.4429223330253738,2.1587940285699165,3.8297920761523847,-2.630557887554486,0.19402400997864744
-1.9721914778752372,1.6348311020035045,0.0354531404538756,-2.3488360431750825,0.5528085214790125
0.042989210310262926,0.9927828658125559,3.991283422727913,-0.619148663492501,0.5171808077527481
-0.33035598740488403,1.221454203750525,2.7072851954295825,-2.39811091597601,0.2587114711091477
-1.111568758117079,1.8768071130890553,3.3138771977964683,0.872305525802934,0.6955840591302471
-1.5205385306652688,-0.08618103467480509,1.1784775853847727,-1.2131418909659186,0.5321203692679359
-0.6495393143854882,2.9853356642269677,0.05726111066823991,-0.9939281585993345,0.6007976882344811
1.7716388156500766,2.8991726485871325,2.95147807424612,-2.013365536778374,0.3525392901483706
-0.7071882719169791,1.6013027453877475,3.336578388002703,-1.116158990261066,0.30896056044394443
0.07516248697346439,-0.20183019628341947,2.9619045278140765,-0.3523454694519539,0.542151938906783
0.8120758355807114,1.7209129697251653,0.5714011492033544,0.004708547816171027,0.8298859137588229
-0.5454815904828241,-0.7112063640832966,3.0137116890278763,0.015472330839652049,0.6494094742847978
1.8871283308838427,-0.8773899911767757,3.075691128430564,-0.6884355492236467,0.48639361255881913
1.849789179768445,0.030731554044854725,2.6341620626802196,0.6174390999754289,0.7613052625726179
-0.9928708166985434,0.8504918269572652,3.064463731182345,0.2696313892244375,0.5873241759008966
-0.011005976430458198,2.473090021633522,3.3836857587109286,0.028192458794501718,0.6906316124822557
-0.7964867607329214,1.908676279065232,2.4544164569498337,-2.7775779132781575,0.21621061709711806
-0.8606380224901296,1.9708260847999242,0.35441885587871624,-2.9724881511214027,0.48207888667625537
-1.8524522105818688,0.7019733377923014,1.9505112386688435,-2.150210891218108,0.2682089128298921
0.4382573359195874,0.38373997018785166,0.31059733868642025,-0.3459056243461909,0.6904126256631887
0.010716092915445952,0.4841550519384108,1.6301721241297233,-1.3552100444698167,0.47537950028678755
-1.7940849950000426,2.9505982549442313,1.6284259565025105,-1.390374962802753,0.6161310183361107
-0.8854141430535543,-0.8395632343500701,0.2640393765609663,0.5383475529184549,0.7455047285049055
1.6330635438666148,2.4681259844897943,1.3952821358779173,0.5822513925273549,0.7927041713200529
-1.0417524373321103,1.3147016342895737,0.44399239516525935,0.6367010562143429,0.661949006935426
-1.4204205116351076,0.7544616767583618,3.2329408400368886,-1.7444876939398908,0.22949050042780766
-0.04218895888974794,1.901030641660546,3.790752103857883,-0.23577674904295298,0.6241523076315596
1.9426018164424028,0.9466757656988114,0.2892659010317544,-1.9134672749025214,0.6795515702672805
-1.0317789139539983,2.4936929523266422,3.8204608291668056,-2.237560667702201,0.10402254744428198
0.6885421896235142,2.602807456045034,2.0903063973469806,-2.261470170610523,0.4931656790903197
1.0464784613148703,0.6868837074938217,1.1982627118154956,-1.6315695165456239,0.5862422284591591
-1.0494498240304013,0.1073111889402063,0.30744830110465404,-1.2801695208807131,0.5380881960372832
0.9128653944474383,1.369401314373449,2.0024970722816713,0.3237966842202735,0.8384168114844757
-0.5288674691229871,2.649453382466764,3.1780621779629947,-2.5204356261091516,0.15230246706371628
0.5292233223743179,-0.1573512439773337,2.8283459090667926,-0.060296610420423224,0.5742428317297184
0.5341188430435788,1.4918663342539311,0.20090404585589505,-0.8741803432427786,0.7253319339424423
0.1430987362990339,1.5262408803700822,0.29160734147161405,-1.84821862929603,0.5555891466246147
-1.6388409197823668,1.932452089661124,1.6114931305305484,-1.0287216618687016,0.5785414694636214
1.3412099823569519,-0.4737292594909608,1.181161976191773,-1.8002317208919094,0.4524901024116238
-0.7168797401130567,1.8632998587283542,0.9295372922241913,-0.6156721790467761,0.5186141167545599
-1.253925958400583,2.636130082662564,1.1240179956348544,-1.2646243085790232,0.5440654483648194
-1.8368994337809443,-0.2812675645190321,3.2139309731875385,-2.342377883684485,0.2096837008434716
0.36357177275296726,-0.049826700304489435,3.7169122145274156,-2.533667701777213,0.12044944201298614
0.7102574473691297,2.8855803761665584,1.6204107781102657,-0.8132172717114794,0.7440095246722426
-1.9336486842885754,-0.2760921891620409,3.6244440085299883,0.6096521331444138,0.7106033942129427
0.048372233197123915,2.4175403734783165,1.2859828049915278,-1.6241692537692578,0.5082604885399309
-1.0940168992082482,0.9691114257921392,1.9057479453751665,-0.06799957110950716,0.601589438149987
0.5806911616377994,-0.01107570238729183,0.9041159912639989,-0.36535458024093215,0.643418666820972
-1.3025342839800342,2.4829996050900456,2.561904168703376,0.726219657237924,0.8085381632628521
0.7637509524098638,0.781221020010662,3.9159244606992356,0.28392406919656343,0.7069973896034704
-0.45305861479785037,1.0592694157187608,2.4139723841735146,-0.7335789643781481,0.4869137111806458
1.746919954946938,0.43693347759906276,1.4312563364541955,-0.37187800706357077,0.74026293505549
-1.449916223416027,1.3718034057397097,2.5912697839621135,0.5935458663361395,0.5847099799625858
-0.635734595798966,-0.34590450965990893,0.49168271386155027,-1.4019248616522608,0.5858518448197519
-1.5461059150376437,0.5643261466070428,3.5546363210615946,-1.6928211765688905,0.24886644387221282
1.6987744731142511,2.87764928934115,2.0123358031193455,-2.9567556654592146,0.3284345201712835
1.509357413523924,0.032533730804510164,1.7973989681585683,0.3062042967658569,0.7171257614397022
-0.9682334891393776,1.6269466581651688,2.3434591538140768,0.20392280161345955,0.5988176393244073
0.6399361841367162,0.3007602568987795,2.49913545115761,-2.5821819275993945,0.29062664836771746
1.2688888008048633,2.0938925027464026,0.2871032249060521,-0.692570475469199,0.7636015404362855
0.22080324639784932,-0.4765053571266007,2.7304688848936096,-1.1440732073324504,0.4281318312165137
0.11860231342402594,2.879284180314179,0.9677267212621183,-2.525163617963554,0.5634897327889272
-1.0325908363981933,0.815158165534557,2.855810530026359,0.9222729082428942,0.7329089247424447
-1.6275889287764032,-0.05579814661414417,3.290139177536787,-2.1412164501465782,0.22692666543470108
1.588863031813307,-0.7060130106799494,3.215834030210081,-2.7310632796377554,0.08552047201809504
1.6016722286533218,-0.32096837964983704,2.2100038696315565,-0.6206104819923617,0.5834043578300354
0.5324058290930718,1.0790957942240706,2.0806795692430047,-0.04453329146786933,0.7565212072816774
-0.6438808358051973,0.3480127057251452,0.5715038453576469,-2.870226215811252,0.5387501052647049
-0.6031617015493564,2.315533463530438,3.1013846016125424,-0.36512944509191136,0.4782963920490566
0.9038227154809575,0.7235500946472238,1.0856375217868575,-0.8708324961941822,0.6484726579927468
1.5884410398103084,-0.005142909649480387,1.9867816912717862,-2.5869399644998063,0.3050760665669531
1.5483456970604692,1.4685799464161202,1.1370963717100668,-2.3099044922145517,0.5885549612225458
1.1195021834304955,1.8271088675417833,0.5353134519987726,-0.728102810735678,0.7398799445757006
0.568126584617151,-0.33183236839620056,2.5182307875669463,-1.8145695459468465,0.3955788376197755
-1.6634401400198047,-0.32952313484672935,0.21732813929161532,0.7532629146052643,0.7597097655727472
-1.353485143621545,-0.8533142922658281,2.9945809365048,0.27496091793620314,0.6486084662342718
1.594216754108317,1.945608060262562,1.2703471810444666,0.9342688260546521,0.8820206050201365
0.4257162386383597,1.6552181104872203,0.0005387720179412803,-1.961316644198344,0.5996094936611824
-1.9632117935334814,0.8985235029992555,2.044516556948919,0.8788945311919081,0.6884875449807725
-1.5941138285358716,2.3766817958767885,0.1874076341104125,-1.2750645208337685,0.5913565022608017
0.6540070764322232,2.2226806118002127,1.1046782312835979,-1.6099248187449815,0.6307524529370688
-1.9797536646151253,1.3414174575870086,2.8279059498228647,-2.798601892122587,0.07510223487876168
-1.3567677943300054,2.4730851220530345,0.25075848648746346,-2.7889389685615895,0.573318380589288
0.1949351574663445,-0.176635159852927,3.3573539694240093,-0.23195497621338124,0.6083592727869751
0.767580790770773,-0.5523215224090885,0.015279690634332432,-1.1682840222638884,0.5791672964575457
0.6078450380104021,0.07899844606795847,0.987295476807609,-2.093913495855577,0.4434513429442065
-1.1029227621577609,-0.7716525756427406,2.9636162246082858,-0.5441187746990694,0.5506197589114329
0.8487168853901434,1.124678112004128,1.2650805989172271,-1.9885675269995553,0.5441243800695033
-1.0510036500127997,2.746422769179846,0.4075695522640541,-0.6894729826223096,0.658319604200757
-0.6984012073629291,-0.8426258373259614,1.4409356752017115,-1.5631650120692386,0.42863093172308114
0.9859656204720966,-0.5115603439598928,1.0815731455381021,0.29420890644727615,0.7114547301763493
0.5985315961888587,0.8087961131337411,3.3708476086422197,0.28278464306711726,0.6451055168688055
1.3968936419767117,2.7355000701116197,1.2533916703405725,-1.0905984075103947,0.5698042225786087
0.6304515692013735,0.26462441990700203,3.155729887104029,-1.5967235626599376,0.3621896764838029
0.2732344133418865,1.0289392347535697,3.567488579242939,-1.5497608137636218,0.3937182491342015
-1.62530092868763,-0.8337085637984316,1.7352696783061181,0.22285810267287154,0.7219550506796374
-0.5291367877622659,-0.40662719615164455,3.639772575417568,-1.687282068809552,0.25386247848155546
-0.9391905292730982,2.9465204918353876,1.5092722158527714,-2.163762505172616,0.39883917611613934
-1.0240414264836657,2.860474785744182,3.8563136659604327,-2.6612466324987727,0.12648960636962653
1.8920422190097823,-0.9802400762623615,0.3571580981022917,-1.1332275164623664,0.5453093816301885
-0.4276091013329584,2.807247141692956,2.748077066012971,-1.0714716043206325,0.41899313431180396
1.5681862207084531,1.5564797512620014,1.9752561618277147,0.3636348416116286,0.8271700831684166
0.5245545039890516,2.4716731780800885,1.5505952218225882,-2.115045214215744,0.5754034012013161
1.1792452141665937,0.8189594225354364,2.5308475149944036,-1.4760349053264004,0.5015771557301218
0.010548372420768448,1.062384114317001,2.8154283665373248,0.23362295557476376,0.6718775796975559
0.30761553850543644,0.9553863210276807,0.01745307860123635,0.294494442995894,0.8476215170723279
-0.0299292247245444,1.6674570301844174,0.6678123549887949,-1.4615556960849272,0.5056730051985844
-1.219028048807822,-0.4413949809747484,2.852184202537275,-1.1635039068532764,0.3824656950651745
0.8898084610460213,-0.8801056405092882,2.665541654312826,-1.7868564366028683,0.32125614967339244
-0.8769105502365768,0.23171976636476366,3.864190020514709,0.7302195136772482,0.66361502953568
-1.9027361342741846,1.8187230509465868,3.044151161003132,-2.5254249370336788,0.22253015514309674
0.5818891836286713,-0.19258619150820655,3.803090830925352,0.73499769200588,0.7027670650154114
-1.2915572823718042,1.6937297332996692,2.810162006139228,-0.2645341926586271,0.5063534842306756
1.7618343374116572,2.8796481844290818,1.1922088345577726,-0.8737113892530752,0.6610587911512668
1.8157143080103495,-0.6243971368423265,0.4214596890034259,-2.8693637568620165,0.5092502114971033
1.659457560881794,1.690408472900505,3.1272954533797424,-1.0976152327119668,0.5774375320910792
-0.5193651989782224,0.7750008772182846,2.5765968859036636,-1.3690075799890709,0.3310943932169389
-1.9381735338845303,2.4725690175100214,0.19274404957318492,-2.3551247520995098,0.6127834216777935
1.7132742503509015,-0.29140084221045637,1.4402018636039133,-0.37436158599737235,0.5386879261502652
-0.2872634067307427,1.770503808904658,3.8271992619371447,0.8846036294731432,0.7159700604264149
1.8666192761746783,2.352461158592441,2.001604582840805,-0.7512447557418995,0.6023015748151638
1.8544799083570114,2.778456877896093,1.7309165440788186,-0.14098689422421673,0.7146266842952687
1.4120378218694403,1.7329921131585833,1.830798420637176,-2.726198189735933,0.45426541702545004
-0.8222044317216572,0.9886990560337092,0.8355308960206549,-1.329332016732021,0.4486495259394604
-0.45960908559229896,1.4713889608048554,1.4748286834591808,-2.5345660593420165,0.3177293428430402
1.4045466860674276,2.475619937914873,1.4792530239487065,-0.5488166578539584,0.6691729136147978
-0.7323119793748893,1.2824389865553187,0.2094200807498896,0.7539286328566184,0.7358297233790412
-1.32202901325563,-0.8784517612126526,3.070270514071673,-0.35288907011344595,0.5449685280219634
0.22720504983340062,2.723794782027911,1.666017727615516,-2.692787806742314,0.4814999588425036
1.7446190966431239,1.7581070041262445,3.288719547265693,-1.5813351800596687,0.47456743596496126
0.784119186699892,1.706053543108986,3.4013920044795816,-0.7973464822365939,0.6010186781258442
0.28024468035745986,-0.1372993904091313,0.8479762187946323,-1.3871689754669911,0.5275468062640923
-1.6112940249169259,1.6355418809306288,2.6294139286805143,0.33457604190068935,0.7181299547739508
0.46002890679667896,0.5754576226166339,1.8891272166519268,0.25868401883995684,0.7218129404373836
1.960215400417053,1.6049319081659683,3.5206269516859403,-0.5526759195871143,0.62768303290615
-1.4396639390539039,-0.5736278787680371,0.8629627167058165,-1.506168219469179,0.49910134622027097
0.07331860945494695,1.6313812184121441,2.711252801240177,-1.9786545049470234,0.36213237729558123
1.5094922877118218,2.9976549030826662,2.4310084890108903,-2.5765027271474827,0.3336760294730004
0.9630744710168178,-0.8071518445577759,1.1812059102873311,-1.5804092660537838,0.4329819625753023
0.7880629639810719,2.908696736885269,0.5464036146046904,-1.347309931169122,0.6801744858072738
0.8099363359484371,0.6276318428914824,2.6065590419091063,-0.2967082995837056,0.6548460487244558
-0.5620353951209793,2.4830138013490366,2.9543898325293227,-0.3673607028097061,0.5627244900131321
-0.8256326229420266,2.129541936233094,1.2625093750534,-2.719567441434972,0.35250734664657524
1.2374446219140545,1.2680650439466712,2.579330416089255,-1.418962738275369,0.5783632595267636
1.240453578716723,1.953796837005306,1.580523630446013,-2.2728845311305523,0.5158988137177406
1.4682892743204148,2.5140622452053916,2.852827533130471,-2.3727491787327772,0.33911652090576483
1.6529622102258852,0.6165612866041319,0.7968610995762124,0.30920859894898367,0.8719474516592323
0.04536959544375119,0.3081326462529548,3.5608600105446975,-2.83233913313497,0.05699092397902772
0.0060651787487984166,1.6703735422543389,1.149638385862319,-1.3232684963915147,0.5389755029244407
1.1931807158671006,2.2313837677650343,1.4711439510246116,-2.3271853769339272,0.4940404679356622
0.5998557231110606,2.049140539106463,0.23236780832139914,0.5173208627138961,0.8863205975611833
0.8078675090308134,2.191254595434538,0.4460488492851056,-0.7718379468998595,0.7695993309510707
1.1831706777444042,0.742333259251732,2.0634476108493125,-2.074477454492608,0.47507926189583033
1.5600213672702652,2.2713368647000864,1.070370706911886,-0.9902908513344943,0.5849189989130219
-0.6480193725938568,-0.5191637785175662,3.3419209029687775,-0.07405456118753673,0.6244665883475817
-0.49766818944022395,1.1779563918433982,0.05877355461981537,0.8324720356777351,0.7586791260022927
-1.624072240636524,-0.9769653580075137,1.5163761946877448,-2.1182159830183243,0.41660407729312343
0.3131205639846959,0.2983433196010812,1.3493821870763707,0.5447270885173805,0.7125095001800994
-1.8562309048130317,0.4658461394855915,0.07731052367040414,0.737216456669961,0.6772174348651904
-0.13760792747015937,0.5846907664370216,0.4974735960020409,0.6656821781282649,0.7510942843298897
0.1705785388303065,1.7818688267594487,1.654570699674541,-0.45834257255236066,0.6532835380535862
-0.8538349914868624,0.5542324050813829,1.9714583377897865,-0.4807173822611692,0.5014893639994349
0.363333042276043,0.7947744904901226,1.6171589890194764,-1.387157467264709,0.4457751615230285
-1.8779990002438023,-0.049823476502690145,2.1237507136483753,0.009591529215151606,0.5959460562168343
-1.8506072450031423,0.4930071665173603,2.380526699622726,-0.8748239265962723,0.3851936569555939
1.290402242638633,-0.0909214909473941,0.03969528451134252,-0.2902477150868221,0.724673991966088
-0.5592374343549484,-0.7072163049262254,1.8563806378140155,-1.2861683846048182,0.44278899403316513
-1.4917579493924609,1.4137943735255116,3.8539969635503533,-0.07401414382744376,0.5527855748842533
0.08897304021921748,1.672851194220065,2.076129120518195,0.29788607041819626,0.6800075176473215
1.0799742123944434,1.477961384038458,2.7101690698358127,-2.4142549735887355,0.43791301960589696
-1.1367158900126273,0.8539761752022894,1.2474554316675328,0.33171886229691205,0.6229815303137523
0.491561903276001,0.5191431207169193,3.09596551261105,-0.8388138728387711,0.5365822248751532
-1.658610140024928,2.453334598287301,3.0916859275044604,0.3786636363608973,0.7773421619741907
-1.7932731153255692,1.0763271405448722,2.085184190616556,-1.2747931746359416,0.3826655162038063
0.12541852627259198,0.9167275105189239,3.9040552931168544,-1.4838380584678599,0.3383952973307005
0.16254048644042607,-0.8974317367742572,0.5022008590506135,0.6602429300688897,0.7167581979136367
0.5497196059928262,0.3649913105046254,0.06779065955832397,-1.9953229298063948,0.6211432025885841
0.9043653348906462,0.5207824751434282,3.080632847028384,0.3768493011445724,0.7441311204422697
1.9034083178501384,0.595291123587602,3.22862214945953,-1.0639177099623836,0.5921808504210965
0.06520139320478124,1.3206894769093291,0.48082891648230497,-0.9436182297949611,0.6474227628890846
-0.7081741082350161,1.1344101869075138,1.0623313318344243,-1.766126874042064,0.37237648457585837
1.1807447790748147,1.4316203711737785,0.07020945346651564,-0.7078311975239373,0.7988590576906445
-0.9166709949517031,2.059533046168513,1.1732344431222588,-1.6991552148951548,0.38730197059564486
-0.24411431717745558,2.251942954864374,3.092567495674686,-2.8429223430333908,0.142511530677704
-1.6861744746309362,1.8724923049059776,2.0718421108503158,-1.9120055786225758,0.3813202127330393
-1.89859702633817,2.8220947838197388,1.3923823726731523,-2.9744838263736373,0.43641002214432817
1.8505936587117002,-0.9270696692945535,1.4869571796253211,0.9134191482274265,0.7362033528362408
1.3439204820488233,-0.21688805726581561,0.0054145028618726165,0.86298883927899,0.8381768478696167
0.7838968243747919,-0.9697485000874315,1.1992021102609436,-1.4193788101107798,0.46012993340734726
-0.3641882223429205,1.589898856618412,2.585834966551722,-0.08651658264141604,0.5838433149342495
-1.306822719716617,2.5921221957999476,3.8967777752654285,-1.6167756063583,0.36710981424546313
-1.3742518293156558,-0.026070813694802908,3.388243307935598,-0.3156273716560958,0.5126607025924735
-0.9990284073416187,2.7081381791852266,0.0943798585821165,0.22172017218391638,0.7853464003197576
0.19690665882448188,-0.7589304388417566,3.5942424186993573,0.7870249787689629,0.7105920665164532
0.8583836908002493,2.737744107222057,3.1327936531945038,-1.399150896601312,0.5483670712683276
0.6407895068709251,0.40649074895853765,3.1215044942839216,0.13319193182419076,0.7096211286997279
-0.8802644122162286,-0.5943166862031339,1.831983036014286,-1.9362861974715249,0.37291988495727285
1.8194611226527764,0.9434870367453025,1.5920211718180113,0.9613292151745934,1.0
0.951587666783074,0.02710627088203177,1.2116629153327705,-2.8969216049425954,0.37929738517316036
0.21741621004560274,0.13949160784769132,0.2627794358174631,-0.5858847739955162,0.6854508474525488
0.44688298493740897,0.2291598597051463,0.9129414539747964,-0.3619760733946915,0.6398753607410658
-0.32159975028884036,2.2121035913306537,0.9864145399120985,-0.24781777170348462,0.6250890678422225
-1.0090760419953702,1.156645106701018,1.9363082788408064,-2.518449684843644,0.1868428172583501
-0.5761092853949537,0.2452307966240146,2.989777626386776,0.7541191338925217,0.6984857738613632
1.0313844418574765,1.4413351332436735,1.8952393135917864,-2.275266883799669,0.46479350842436157
-1.9424260454809765,1.8646026968927742,0.23137779778864243,-0.5089863870406357,0.6733133425805683
-1.535709437972335,0.09049600293413507,3.8311592039528155,-2.10929568350766,0.151576997644454
-1.815989431912989,0.6541964061014061,3.770897276376449,-1.7711343319149164,0.19657667991090613
-1.8370847907241195,-0.5124556266522098,3.1407581725936335,-0.8141658330875026,0.5052339850931866
1.4218423360440289,-0.27540260186127874,3.9653116062568823,-1.331226325741694,0.36965549756766336
0.8146314375200947,1.7244714158599312,2.1779293312010517,-2.359097596093975,0.4269227693993109
-0.10330468365069922,-0.2742466092174922,3.8510734010128242,-2.316254390316607,0.12163055994399714
-1.608663357395994,1.1006535346682407,0.3024201624670031,-1.3274208473488014,0.5101524402872992
-0.03353649953267057,1.8361850468897307,1.4627229930454853,0.029131913102002915,0.6754118345579218
-0.10611291687773727,-0.5724923076210247,0.9015250720270633,0.5918585873911542,0.7928192877202535
-1.3071925203599393,1.2692488785156142,0.7833323365370801,-2.6634893509624686,0.35876207878939204
-0.26459340304810786,0.026251134805455045,0.5632117955707043,-1.4275843697623958,0.5153936037388448
-0.40598106241050624,2.851707500950319,2.4896545662639866,-2.5990177451084935,0.27416638283504635
0.46340039220886586,0.9341825868796989,3.1252874229892202,-2.9336300774696085,0.22122241386422345
0.5403746034705752,2.2239701991006324,2.3131935976814426,-0.35312526942417355,0.7217600892855232
-1.818783960911822,1.200906168625047,0.5878508383528387,-0.5902022321336489,0.5227761881069859
-0.5015495414941151,-0.8263498685807233,3.2444950797338836,-2.347923544740455,0.21487265216209045
0.5034396628569455,1.5326055023760894,2.543818828654914,-2.0647486676277436,0.42717220443225323
0.012545034320350812,2.805613368826628,1.552662824507982,-2.9051689854219265,0.4524344957939055
1.425959364753289,1.4064472805853248,2.696521182144252,0.3397888227776149,0.831629808720663
0.63477452647578,2.276755437707161,1.0396199169713314,0.8987623841942058,0.9653842071685185
-1.3482622916742812,2.536825853393631,1.380768833976842,-2.458161852821237,0.49800709773448726
-1.7177250103982806,-0.0876809122042701,3.669943372527961,-2.0740991449388075,0.20679848920486188
0.5696771128252625,-0.15182064036709342,1.1620180226856816,0.4736380957877362,0.746753827633565
-1.8939547578335127,1.443923955403967,1.8799530726317464,0.7058551918247393,0.6673359083723008
0.3431023250938532,0.6441138792268188,3.5605645495840585,-1.3214904687727587,0.3317710251030289
1.7609209656998304,2.3594452114668814,2.83088540107011,-2.7975101109237035,0.24907073654170167
0.3018967115035158,2.6000924935920446,0.248812904658811,-2.8424326652287224,0.6654558668731951
-0.44732029517391236,0.41368551721087243,0.5892121771158814,-0.7042005357239582,0.5614777851205118
0.5731528737694127,-0.05251776410207176,0.03136636308766727,-1.428419564427284,0.5872214940939774
-0.16698843803393348,2.1221020609754473,2.5236871609166536,-2.885390289689382,0.22692613665789987
0.18246715726373974,0.09922414219254438,1.7906937016416733,-0.6669904307497729,0.5800534126384819
1.7658592351061007,2.2904572740547136,0.5370994036091021,-2.95478985364391,0.5497851701818095
-0.455589448796903,0.6949530145950513,3.831736484227082,0.14948783259709186,0.5688711340054914
1.8447622552956568,1.6701995971658818,2.1186388957824795,-1.7742687091865137,0.5195032949696049
1.621402567824255,-0.6178587446613273,0.9675731764515567,-2.8389679879630716,0.3998976643236273
-1.2168354608428142,1.495437298706292,2.00241428461883,-0.6465911160673867,0.47481698990307125
-1.7225547964993382,0.8070707149489165,2.718481330940431,-1.4092623422677812,0.27645843026468053
-1.5968879944902934,1.3464338527018964,0.3049568718942579,0.895201653428598,0.6932483642521341
-1.927112697393801,-0.3279431690205463,1.098815260191568,-0.8232053499851912,0.5670354535149753
-1.6222281569762864,1.9474949797767285,3.2278619635359744,-1.8990432758519669,0.3017534551199115
0.7320270936654274,2.451188310172914,1.838659481610645,-0.16224454146410094,0.8035090244913932
-1.715245406159084,-0.1330407996368974,2.1863085681291796,-1.9140319898291547,0.3323031548207693
-0.7240974788249548,-0.6171417779193531,1.731264008837877,0.6169731656302604,0.6958573893032551
1.3795012438778183,-0.9054456558146544,0.17559977057202047,-1.5011121179704943,0.4979954224074591
-1.9069122570566965,1.567886001773064,0.6629991192806237,-0.8005257488951791,0.5925687112901014
1.2578739303557431,1.428376144355123,1.7821665549675636,-2.7977075847030846,0.46534357185638087
-0.8725809009064003,1.18678965085628,0.8367418616317113,-1.2955150481910769,0.4384473917492633
-1.527340689513375,-0.07221161553609834,0.19991611463871495,0.32945415864397987,0.7410927856342008
0.7869486614566026,0.5636239836220587,3.374598656207295,0.22259522145336774,0.6895435467993343
0.515771387119536,1.3779053407446922,3.9247701166564632,-2.102725764585895,0.24754700501587415
1.5098880541082118,0.9870674354366775,3.1725714959869578,-2.0956837159577493,0.40757843054268267
0.9402841752155431,2.951142080859549,3.415139686818668,0.26922124885294707,0.7840692042865414
1.2139237215393943,-0.4542409897730675,0.9679085212681815,0.721593680677302,0.7292252794783521
-0.8718617097147741,1.7805782161903752,3.842507902052799,-2.618556314907986,0.01902040655119794
-1.2902418248811087,0.6172750724171685,0.7877028178137135,-1.199765442295099,0.4641341155001012
1.0024590065634333,0.712798459702459,3.805719241447329,-1.6501828841430841,0.3932553857650482
1.227338957069056,1.870391062632705,3.979277175863804,0.48275382182975735,0.8325272050405944
1.9620205680026932,1.7697446052974786,2.846891222984195,-2.665900341279925,0.3386433346073103
-0.3495292923542941,2.9650239748087532,3.9245749271672876,-2.1554962297678504,0.17797024068635472
-0.5119276568288673,-0.48642284218349907,2.2781591182684147,0.00987335034597736,0.6388034587695072
1.1056518429679874,-0.5835614024633347,1.0381671327043613,-2.7948246040751377,0.38095583414545336
-0.6367858389879286,1.8973552685149646,1.7479835426624835,-1.029858477142843,0.418530042041072
1.723029302414259,1.3135476680256364,2.374243741515144,-1.23157186128112,0.575315528291902
1.4336510073720472,0.09664266623922346,0.29232624810805996,-1.6623952840450054,0.5816945831311403
-0.2840238904999266,-0.6823225240440536,2.4893730584689844,-1.4217107387243049,0.41174010580796444
1.0034842711659895,-0.6573670016142779,3.924711347049178,-0.8802376522790683,0.4737014198850035
1.0181714963387294,2.576763498656473,0.7604305991349105,-2.3545305664464675,0.5885904732573644
-1.5875045246562696,-0.23253070112502838,3.1703804651535332,-0.7120164868656289,0.4708135277733871
1.6102116267182667,0.29348624846208304,3.6315951751184774,0.22172931719994526,0.7338441831545218
0.02100948979142858,-0.09337439109204793,3.7748063712808833,0.04064371916063614,0.6083806827934803
1.3058298644309665,0.41998522332774924,3.840542417621789,-2.3844003812249053,0.24205744137051677
-0.719801595877553,-0.7223046290156265,2.0858385548858878,-2.4030021210341044,0.36508847369013864
1.582092913984802,1.0762391636330815,3.9092316319660148,-1.9273025290203467,0.3239912139163564
-0.44319328506334754,-0.7295497456311404,3.0292408285377554,-1.5557010946358512,0.2920912355927123
-1.9566493940788066,2.2014260312894463,0.6466857449478476,-1.3661776743660696,0.6101410287823577
1.6215279056770546,-0.06515167235826791,1.90760042587188,-0.2812111326666189,0.6759131186965471
-1.6348532928554658,1.1600476584180424,2.873324701488016,-2.7732782713366584,0.04424328054950465
-0.7227454496383405,2.520316350245833,0.9893612632763333,-2.8613091830957345,0.30682444770757866
1.8002478682032197,1.6035094761887767,2.5624607341955494,-1.432357748224364,0.5385387031645918
1.8024285877502244,1.1318311462053412,2.666401916186477,-0.21134523144807815,0.7574354179691533
0.29375155249314444,0.2973350124615024,0.6507989752342636,-2.2262586281740697,0.46359419082266057
0.5273488486791971,0.3320076522327917,2.260341249811025,-0.4339820749749932,0.566978519672364
-0.2062179120867209,1.6779478207927605,3.0865076439144308,-1.9606874482388021,0.25950838957430045
-0.8271569132077419,2.97655744488467,1.9955826581437677,0.5443444352540654,0.7414571817452853
-0.6853418185203362,1.6473567593975145,0.0484124671044297,0.5827597770664661,0.6865181670745165
0.6900738243081537,1.2311336694800996,0.03615387631716871,-1.810851182874694,0.674050169089544
1.00949811775072,1.9226020409569844,1.4281173758800487,-2.080024984147038,0.48283063905022816
1.1663161749033941,0.8608224491348726,3.704776273727128,-1.354784111735075,0.45732483767826626
1.1584725711782156,-0.7594306295968591,0.9147071184144351,-2.037873659279405,0.38888602656798404
-1.6351755878052385,1.2491872635116392,2.5374547554867486,-0.31046462683318543,0.4822834382735407
-0.02231878118967412,2.830501138021521,0.8883034827732823,0.3042587381931421,0.7795297058716579
-1.7697649599334229,-0.29878823056936143,1.2866799586381945,-0.307631476355132,0.6440340263415185
0.19811552929494214,1.760019563282663,3.392168358405936,0.2974017889973979,0.6746753114824565
-0.23387799450649194,-0.1962652453637741,2.9154457690797875,-1.4120313511701035,0.3765471607271065
1.550816731033199,1.143310737892325,0.3815971092528425,-2.3747321171645566,0.6820549832188945
-0.5963399497916853,-0.6132942014131215,1.7148080839457345,-0.0481962104096314,0.6981699375290376
-1.5317319342895765,0.8014837450327406,0.11667905458105787,-1.5581019794337845,0.44239396395222297
-1.4280332717886566,2.0246533155809843,1.923560586412036,-0.31491669908347,0.5993406165266452
1.046042526869889,0.3902860969559283,2.6497360468042723,-1.9174242320729373,0.3446997463869814
0.47287225326504423,1.659646897948872,0.47401049439260623,-2.6750814607733093,0.5369254683204896
-1.595509295508839,2.1817998431589167,1.1555397556366627,0.9703271819510535,0.8678220873291319
-1.6635727755400103,2.7087112779178106,1.5913465020086277,-2.375193968277603,0.4969467516336256
0.80387652583648,-0.061431672578185825,3.678124098624199,0.9536839758539242,0.8137364368360809
-1.708947974543226,0.5972636632372326,3.973020061691856,0.9091197302657892,0.6155669178909179
1.2874402371614249,-0.39033594667833027,0.17964519598246342,0.17527241563215856,0.7342524953105477
0.8249689086259848,2.969934008633501,3.044031693981568,-0.3623081516720097,0.7734791148257023
-1.674604877432401,2.7080038716971813,1.486896265609373,-0.6887717989956612,0.6938903149366714
-1.6606491436592323,1.1598285211222383,1.5698327449179201,0.4644061815113387,0.6383068103972165
1.9465583140047018,2.368133177505685,3.0170598933880908,-1.8422419135220482,0.36326529205846964
-0.5029168169755187,1.0838319090881687,3.6737057285816346,-1.1292751500604918,0.31664654472687986
-0.5174314117324363,1.4943427520110388,3.8037143780101936,-0.5224401225339923,0.49956224990926956
1.2511982690300103,-0.6435022715359335,2.308490344153283,-1.3552380965220356,0.37741832940559256
1.7889943095354348,2.0210816819872317,1.4284846372020112,-1.290054183638928,0.5711690654970996
1.9440042552914836,-0.4891460654590607,3.150196343435117,-1.6788613299916624,0.2817765187613244
1.0135127410357665,2.3042705210101135,1.004005533049201,-0.7430727332618559,0.6928030914590928
-0.49496165787633695,2.1281123506815436,2.256296115334071,0.40229811206046406,0.7013528390081509
-1.665997133205325,1.8349787909719057,1.4343138460994926,-2.1938864879747486,0.39030795800668544
1.1085876637097472,-0.8553584779009515,2.6265242948315044,0.7377321550137657,0.7395101647424626
0.2336169989432202,0.21251342378131444,0.9615956515740276,-0.24364938500708133,0.650783353096695
-0.30311196301209486,0.052450279643371456,0.7663717829393031,0.2930928507201207,0.6569483235765794
1.625417540378944,0.4405456298860764,3.6729563467017483,-0.7752372294799534,0.6083937075477664
-1.5552100707753946,-0.6494290129446458,0.4072147317981476,0.11806680569625394,0.725289908353149
-0.0294995828365634,2.747831292124251,2.0238316309397266,-2.935198410642131,0.3650700298797791
-1.9545854209303237,1.215208962849505,0.8834111318520357,0.27352169911814084,0.6453992417481891
-0.12535743202349492,0.22209724263209418,0.1557198533026698,-2.839444563658534,0.49128484663415734
-1.7747868972726506,0.5879260682971337,0.14407527316570556,0.55965350545145,0.666147006631289
-1.5247283349277123,0.7888101620193426,0.7008870884233094,0.9678509889545732,0.7583405744946045
-1.5298950128915805,1.4023773334424692,3.467081418024001,-1.8237301512928887,0.2227091143354693
0.5968412084642543,1.062717710785991,1.1299149759081066,-2.1587257748568254,0.5148658269420705
0.9841795170616932,2.6775678928576694,3.801836682301183,0.06145345543216285,0.7842521946386098
0.3334750603886385,0.987853931623321,2.326489171956774,-1.987894636318987,0.3977729559614392
1.8486901938981677,2.9686320592932507,1.7464567590750644,0.46224953268881386,0.8213579491603055
-0.5005176819051838,2.405699830980383,2.3203553386778184,-2.588629631370093,0.21054905007734714
-0.8571516548725571,-0.16595794257065677,2.066793540905071,-2.496179214482567,0.3009085352325962
1.4743965127578411,2.722380858575665,3.0351050150293006,0.9166062204024623,0.8586973040331306
-1.1056166459221894,-0.5345344084580956,1.129984263891409,-0.3046444069199814,0.6155853915542053
1.8528901577624453,2.2697988339647663,1.4122015664012095,0.38754889771581125,0.8099530429942355
-1.9513821012407346,0.5224931739063203,3.576377210133003,-1.702682490593928,0.19504306149427472
1.8795153068305561,2.511897281780278,3.785826052601622,-0.29406500191758234,0.5744698924701005
-1.8273603521976955,2.4722267604298014,3.570232909945898,-0.6230326907656112,0.6371314935890887
1.5645724547922844,2.2237016004704846,1.6777919758292543,-0.587399519508212,0.6376437426953727
0.11080443634519943,2.1601217452282455,3.1214620120275267,-0.2698701618491137,0.6626392070156546
1.9718591844772013,0.21871655639216314,1.9053429332043952,-0.6985633074836057,0.6387250418957402
-1.7048137410584046,-0.6763228677949913,1.9901594085844088,-1.2837505227893362,0.4813706958618671
0.21541713760528314,0.6119207150606458,0.8187204362291358,-1.8963092224778126,0.5118320373055252
1.8772101424763958,-0.3059019400539653,2.364521213034066,0.07432532365280808,0.6679584813241963
0.09239137668059527,1.7798043556098468,0.7445435910133917,-2.094910279987255,0.47091256329617537
0.5175945525410501,0.38439890615114214,1.326258796268775,-0.23058277538234329,0.6317841257160643
0.7829947559384687,2.9024408034396596,3.4201208064797406,-2.0666687094026934,0.4431186792007289
-0.18183574092890709,1.563888309381328,0.8283032368434209,-0.4986793201821844,0.6134467782738032
0.5102323203362538,2.289922254537444,0.28463314069373125,-0.011686931483884333,0.8369144989777166
0.33725724769240095,-0.4699013090326063,0.2760303704512652,-2.125144444373843,0.46947882409300157
1.604632041963956,2.4480579290904902,3.7631380820124316,-2.760226796554767,0.10299894166320221
-1.8182144786341685,2.6910287620535773,2.0276817518473385,-2.4761050280233037,0.3832487383064024
-0.8761472416310787,0.9482476752757436,1.6376482872680733,-0.5760121309158981,0.4923312829013142
1.801645936306235,1.4250117510039098,3.2435143240316737,0.3977856249029421,0.8000649764697265
1.5610551355636653,2.0592392036119818,3.343303711642064,-2.8200127150583025,0.18498872760458354
-0.17737298885714825,-0.3006454909583498,1.3287641324624184,-0.06339496383341503,0.6427841355186847
0.48053039120614693,1.0102643058537697,2.774472229895181,-1.6347254161997915,0.4379244794560356
-0.8904752680754693,0.5946521110892524,3.0844912634075463,-1.08588652032191,0.4321383158361825
-1.2475153611049548,-0.41450403135100355,2.618602747463818,0.7154381993822625,0.7014185405659668
-0.14520638024007138,0.47013768916612575,0.6063802992003975,-1.6721139810566181,0.532551769136927
-0.5865910878957887,-0.7273107624580257,3.503532334068228,-1.1386522642420558,0.4415987359586435
0.3346244474034883,-0.8967523722020521,2.156378210944035,-2.9452703409572756,0.20672132788092906
-1.6890614521400606,-0.45933484338070896,1.1298897054800148,-2.6736051199806465,0.4337259384082848
1.897579230664666,2.8524604463566954,1.7009127417507757,-1.965633635460864,0.4699214464399504
1.9448429779184115,1.1981181435800679,0.15028436159562952,-2.8885910367157024,0.7075713292122652
0.7926468560789806,2.86328864461288,0.5114672048896702,-0.4744986958069961,0.8497703452434554
0.14438546537648156,0.7299915133205279,3.0621870020634434,-1.29440657279351,0.43610805509852063
-0.761889534854689,0.2472645323410383,4.6539021464564456e-05,-0.8074191890879119,0.6024181233326493
1.2551800788277947,1.0245674513609764,1.6662633139291687,-2.301411256414682,0.4971418529210159
0.7389246902155171,0.7580467545316405,2.0900407243423538,-1.8162718822535355,0.4137586301016545
-1.3495322426204348,-0.5773412629530243,0.21853768000388918,-0.34470210058909956,0.6784089047236496
1.6437087379753699,1.563305258760825,3.8923126518893314,0.8612108945215993,0.9177928951049673
1.290148971692676,-0.13584726996160157,0.9045013249986877,-2.798332905591163,0.41873327756686607
1.7991996531676961,1.4783518195913183,1.2167948785451235,0.5615372834210643,0.8512103379459501
0.9028780335534399,1.6008043695926135,1.2157700490201093,-0.6924751947551662,0.718262436846304
0.45366078374315943,-0.39190058748540757,0.9216666484693996,-0.7443217329775051,0.5388060541082196
-0.3270278548375245,-0.7546014915573274,0.005895288345245664,-0.9988858591689587,0.5820797962480674
1.730913933416053,2.1230463442737593,2.9173791763519854,-2.7224236563832664,0.24428656319531308
1.4642555580016334,0.8392016950772807,3.8673819991971414,-2.6404925930553573,0.18897015588167826
-1.8191253195752424,-0.7673448179780968,0.8971739331401802,-0.5963519773636556,0.6089827607239613
-1.894532102010992,2.9794652686790686,2.6521887672136897,-1.6361657142577668,0.4894816814887055
-0.4941465324878016,-0.7688777560145335,2.9675853078348604,0.6690722663107227,0.69464452152499
1.2422133231273316,1.7801409154342127,3.393701516362099,-1.373637850562111,0.4738378728651261
1.9491045172597778,2.9347157010536544,1.6905167880544365,-2.4268741651894357,0.4551287970799188
-1.3983324355858873,-0.04327958313629754,1.211723622561717,-0.1411246659918559,0.6389569453414962
0.3765228614085405,-0.4310025252512153,1.3011805360921245,-1.8265863142359606,0.4192005458524973
-0.47643657347591395,-0.5144602423102844,2.8504853323940513,-0.8981187705764273,0.4546683365728601
1.8796575912584128,0.2131005902703822,3.267117866022544,-0.2086688579793199,0.6782796172781943
1.3684756925428347,-0.5958167559574132,0.7264558710264106,0.6010564448082816,0.6861311460886172
1.3533148188445514,1.7686453667765276,1.4837640326310608,0.1687647792067044,0.8402014081983373
-0.12522736082011887,-0.7508328074797492,3.6077607869966,-0.2945557285091036,0.5524383415123314
-0.3407219906493393,1.0376885125991588,3.226774078778957,-0.28146727041942565,0.5271694077006361
-0.9063717122771751,2.986787415411907,3.9394336110499033,0.7836985761283461,0.7898719815702361
-1.7744980133962915,2.2558810780240752,3.016993038728323,-1.8167036100138558,0.3706432414977844
1.4588895050202129,1.4608777529240435,1.572780804111689,-2.9955516232152504,0.521943434928943
1.2516040365203103,0.22501448314644668,2.362551335978551,-1.9121817624072053,0.4171286965299738
1.9988706931445224,1.495583345166554,2.644057016989281,-2.128434481493024,0.4072645244972155
1.9865473482956215,1.1081658556466065,0.3138232652684958,-0.3526616595440073,0.8228562976835166
0.22172682241050978,0.7043335355614859,2.1779878364154603,-0.4651536009378838,0.5855318671571282
1.075949660722042,-0.4771584930392021,2.8372833138904383,-0.6261544691811047,0.5341211040746423
1.779062919529712,2.546416860961867,0.6692852160042415,-2.935026227162185,0.49198452815492694
1.3985895627096459,0.7991385952852901,3.1225268697022286,-0.08488778219741011,0.712020936139
-1.0106075930272094,-0.22150995271693974,2.3350911220564465,-1.705878350058034,0.3921916774258214
-0.19782345875962593,0.47103740350915846,3.8088871427903785,-0.3397760439734756,0.5093763435769046
-1.48336233939402,0.6565190101157081,0.16968919282756678,-0.7736862859913867,0.5497186776059848
1.8162041090348895,2.310151582267497,1.0613045502218679,-1.6290762982883713,0.5743467665474284
0.4246985378035202,1.9344575222456082,2.4062155171992963,-2.461694931583569,0.3836216295706747
-1.0854287779861491,2.077219574565359,1.1862396488237228,-2.622324409358076,0.38328834300225595
0.6868027376234269,-0.9558749422854111,2.857696656284969,0.32607333244889425,0.5953476489321669
0.4725129618315833,0.664615992719046,3.036021130087724,0.673590168326232,0.7939184205628594
-0.567349127868638,0.9253766065412945,0.4100638562658978,-0.4008478129428017,0.610363364148245
-1.545769631201484,-0.9232308927077733,2.055417856827071,-2.5862635405580665,0.3564703265068295
0.6862927823711984,0.039252834980136875,2.0355622223642236,-1.391891132447037,0.43445121243483703
0.08123080361517321,2.04115929248854,1.4771230808621643,-0.0842431995793711,0.6617007957273787
1.0892735669425573,-0.4515611770840038,3.7316994502786884,0.11928353604027242,0.6189435367532694
0.08065400444797355,1.1412405258103666,3.310025279492885,-2.5271255108356456,0.13973582474740648
1.4087260012741605,-0.13919251193104998,2.788837527638547,-2.9998771246184703,0.17867394520289137
0.20762735509794217,-0.9515169014244269,2.85730654293999,-0.15145181647758,0.5949832373863708
0.24375188614154508,-0.03519416960183408,1.8468645752524764,-1.5736152960551775,0.42827479075574043
1.50661441063338,2.903495019640215,3.6839780843863035,-1.982074673526959,0.3527186137632547
-0.38606853515041184,2.2061484475319584,2.7783817090131415,-2.9484101208418982,0.17745844358133023
-1.463939086197437,2.8383065772841336,2.9159242466232658,-0.8388023729540013,0.5825224289034047
-1.884869294746644,0.9514161757054498,3.446763615149381,0.40460294170392697,0.5705560757759719
1.020549022694476,-0.561055205289986,1.096286357368764,0.8305265850903516,0.7552114163911506
0.48123820541385864,1.1918379558947718,3.228283615466812,-0.7370201975468431,0.5207298736709998
0.8163190723968943,0.8175093382398435,0.7809624118259682,-0.9421546890404233,0.6241594378366235
-1.148143353964357,2.377428330958464,1.3813678089795514,-2.6597744580430356,0.3649045908955258
-1.454514097652921,-0.6076696768630216,1.3424418170793708,-0.8045087938296009,0.5137117203043406
-1.9418213373284723,0.9529645480871127,3.9141018735565622,-1.4800836841384215,0.22332493113359206
-0.5976497647736121,-0.39980534122406297,3.4261488949917074,-0.5714588764656923,0.49537416910235393
0.35967074741853233,0.2987037075602399,2.804679446361039,-1.4450946084938132,0.35790109165725825
-0.4310238196010707,1.9494283095511986,2.9082270464615605,-2.038803506198533,0.2688526104362343
-0.25010031190508375,0.9040725174750661,2.2482911776102843,-2.620138899086494,0.28358800814186275
1.6166347779749937,0.5035531405830773,3.7883626684340763,-1.740326221644417,0.4113265497991694
-0.6069781319067986,0.5779051142801412,1.9850350115294462,-2.613420662848991,0.2601463065119509
0.05595795663924319,0.8377870736239466,1.522070839479578,-2.2924121967040643,0.4165393350927754
1.1346120509645723,2.1400661753482275,0.652141347726364,0.9493446343181837,0.9593736416823284
-0.41382887071491936,2.5683387557609376,3.144822609044232,-1.2235857723735255,0.39821673295758453
0.48834680091149396,2.821338746015713,2.9377757283023658,-0.8725129339799338,0.6263712956733607
1.4494548349869807,2.1476135450211804,1.5374201540965395,0.4944741149488614,0.841986825238602
1.7980824946305685,0.2616275829920509,0.10077365583691744,0.9822756019627512,0.933179575513587
-1.4117060762838483,1.7525388243461686,3.355989310872043,-0.6691422026212739,0.43144254051341513
1.7063505006459776,0.7504124962215677,0.04567193381629453,0.2498952841766866,0.9482689302504309
-0.03153482768184723,0.018682488184204704,2.814799118516204,-1.692235902653299,0.32648575781020633
-0.9670224468041666,2.3634863177036904,3.881028438904228,-1.7770241702108356,0.24063585138414043
-0.16345697504695478,-0.8462946041507,1.7506453125928139,-1.3891851160217592,0.4246063851399447
1.9201303011419082,2.607047968541694,0.939893619983811,-0.3099709493054035,0.7059133718667946
-0.029527624028521604,0.8459098584989366,2.819484040173527,-0.27123324297960494,0.5322619921546331
-0.6849935588499672,1.5488059072331217,3.2685125680623406,-1.7390422614021968,0.23612515113623853
0.5336034172669031,1.6374156888231308,2.1857212643113892,-2.4671603034534852,0.3835381097325382
-1.0394175248872277,2.5804709628261455,3.8681411010245847,-0.47041497413796574,0.5242423196943443
-1.6965466875653443,1.5466787286688293,0.2066748866318444,-2.486696551244942,0.5138422379950763
-1.484481112357403,1.455734339040247,2.0191823932181125,-0.6860299670826797,0.47862874867085003
-1.4878166441689102,-0.7333918377572402,2.8738157892902003,-0.22631148777476406,0.5457801353254893
-1.3923892259508226,1.0736320877808163,3.450561884596716,-0.19755401442219345,0.5313954363497495
-1.4446913094023595,-0.3993239967318334,0.7170224476311602,0.013888442638386955,0.7046797610580521
0.5634989792128584,1.9497350748859423,3.2000139270547256,0.49143768626265816,0.8069362095385718
-1.2724796624034207,1.048887683250698,2.210828302874181,-1.0001640321408463,0.3896769509195838
-0.6173308667045472,1.7209111168334132,1.5862147279598529,-0.07900324188171526,0.593286486753147
1.5871536396240473,-0.8333083975904629,0.5268601143163743,-0.5233090585366531,0.5725779022118651
-0.10415343894851059,-0.6608319358167871,3.4611830356356497,-2.2534402408092697,0.20127690260498535
0.6702309540841087,1.865293552250729,0.6290928327188614,-2.8972414205223673,0.6015161153613815
-1.3107205151934807,-0.7116626560053065,1.239151436836397,-1.861834457292265,0.4567109776582686
-1.230843924765317,-0.7149730889389656,1.1601821278497475,-1.2278651746495224,0.5117119325165821
-1.8365255349340845,-0.9515660990604502,3.485656136763417,-0.5315762222853748,0.5089364964032351
-1.3242597477113418,2.8260055931979204,2.690811976835592,0.3998373220128215,0.79123481921478
-0.8856386438721655,1.9500334378360278,3.1867255887654893,-2.2150171331753374,0.1923220481822119
-1.2919580628930127,0.41300563400825663,1.001871595169996,-2.4978008404060916,0.37753103462251697
-1.6451898649717775,0.1861423251506209,2.4994963984279956,0.8539197898973101,0.7262610904739076
-1.5174565155975968,0.3988129189833982,2.2869839325749948,-2.5678217624943716,0.2102345566227427
-0.1568849278690969,2.0986141247247274,3.3313215071530844,-1.0860357195712433,0.42453577672057063
-1.17466512637683,1.6454824442816576,3.624348241925042,-0.6577450848267925,0.4389453287767899
-0.5429205558076982,-0.25921772853012826,0.04862708590954723,-0.834502316370247,0.5693897472027205
0.013669083419427519,-0.3035626586636626,2.6960796762351706,-2.655871371868227,0.1851611682174733
0.7615793145174612,-0.6064174011464107,0.20734319647891608,-2.7718923439855225,0.48174041801782397
-1.8427514406356043,1.6412108788053525,2.1954346603094237,-2.5780662901558573,0.3082648926701219
1.1976415956361706,2.0574906488869438,1.1505309161747128,-0.65764926450955,0.7462891996266935
0.511601557963631,0.0601857133000161,1.2271063980885648,-0.8226204494627156,0.5782636969442646
-1.6729638722045124,-0.9162201558763488,1.4118340138094263,-2.065036831853023,0.48002402827137136
1.494314496427109,-0.6713133300942906,2.4851697961984405,-0.44890343261763377,0.5004758646791383
1.6834896021272527,2.871440139380122,1.3361998626750768,0.2802700082225975,0.7745523115024168
-1.755688160580545,0.18177910990968105,2.9307962023611216,-2.833684160613625,0.09989646339916378
-0.8924894074111851,2.0768925913525345,1.6181095422954788,-1.0074802258078304,0.4753431289280182
1.2248051191722453,1.498654275417055,0.27341280123983447,-0.24275835158923886,0.8243822472664594
0.9930387615346334,0.5277585586115836,3.135039369936429,-1.9907522917212517,0.34732548709201244
-1.2619159225744907,-0.17725095121777956,1.143033298370824,-1.7689163788274036,0.4546720296169138
-1.1626027066531588,-0.5144543273623743,1.7310675183970505,-0.5454483880424648,0.6018969841881243
-0.5181115888344721,1.4600518721554665,2.741775532887606,0.5917411737749476,0.6540997136354239
-0.06190805923591469,2.098535122551152,1.329824628594848,0.2396976812115974,0.7326488621802001
0.4730190861211838,1.5756170141645227,0.2263426245868625,-0.667479123601666,0.6993564341835268
-0.5243454417209104,1.1212085329966333,1.4956841880512544,-0.0791131289710032,0.5319955693507865
-0.14986113546740842,-0.8321951062734549,3.7777943307772137,-1.5407101191688053,0.3181900449505496
0.9898837525350261,2.873955110377535,2.5669375891942328,-0.4361378876049691,0.711429383441564
-1.8532671884376084,2.1948567666182983,2.6859165946688277,-1.1352736354897721,0.534231422183245
-0.990252222623917,0.17128814680385895,2.5291286145505594,-2.2402554541697564,0.1969702035173471
0.8533983435382098,2.9198813174354026,0.7959685558377472,-0.19304690449097128,0.8121762636618014
1.5808273507487973,1.4075263585452884,1.6733354564091205,-0.774141450604712,0.6239192019688863
0.0467097684626645,1.329690632828986,3.003759193453273,-1.5655136721856344,0.4252529728963579
0.12845394106126262,1.9922927177181284,0.4054915902126366,0.6453567603145229,0.8081107642387635
-1.5713119546408958,2.2470791523605502,1.111411104358849,-2.916263528693067,0.499196385264432
-0.21035053270618143,1.6259144293260106,1.1052764338634145,-1.736907395002016,0.48564461340684284
0.13046906582009266,-0.4876170145351999,1.728075710378024,-2.7724744088894138,0.2910116731449324
-1.0301179854610814,0.3530700239779936,3.9214749637687403,0.0661092648865087,0.519544049773383
-0.9230270762024761,2.712334561304199,0.27001018673528776,-0.19157018354482958,0.6930777088346056
-0.4908633475815094,-0.1015375526245923,2.07480397752238,-1.6745911250547318,0.3568221263599229
-1.9197152088890945,0.4886680953500533,0.7174587280488418,-0.29734839117170786,0.5518708666502907
-0.7116833376672869,0.728307531776784,3.8827061816389765,-1.4162510952162006,0.2729760461455498
-1.1542079720138214,0.7576199587778087,0.4532140189098568,0.025015165689737273,0.5681275018167642
-0.6900105912883414,1.451758329978102,1.614404009446365,-1.1832653490531757,0.35838749167003053
-1.5209514727229951,2.7723033509788304,2.9515399393384247,-1.3508810886733378,0.5220517566647015
1.5621091229595798,-0.03722915266998017,2.818217712109781,0.7389196619532039,0.7707493108332214
0.37436981421619464,-0.5139944947963277,1.690914547575729,-1.996483600437199,0.3592040263404582
0.7164092765779584,-0.21011804056025074,1.386096671810873,-2.5182106400137383,0.40767577662664867
1.1566849544293532,2.547699600837078,1.5904495142114823,-0.6618275469621673,0.7119045343566883
-0.006231204283770886,1.583243250620824,1.0571050526345571,0.8772872491367156,0.8073657046443857
-1.6523188476503052,0.14362715695664052,0.8213317548271992,-1.4886431450912534,0.43883161607007615
0.1484261672741911,2.263787755874469,1.93215879023556,-2.751852945484874,0.40607350552159704
0.3473644720835165,2.445479985453744,1.0741350242704293,-1.6427789307617302,0.5692952124898711
0.98175789673732,2.386057354761112,1.1498466595890005,-0.9762733827217662,0.6958141299277422
-0.27336181508128243,2.675706134558218,2.6270242538982282,-2.352307973471145,0.2923315469771255
-1.489678788817745,0.008964080693446341,3.874149326799569,-0.3675911277740318,0.5136698909822371
-0.8648963768051021,2.020167714985113,2.4145488022375003,0.9909975560408024,0.6719998155891069
-0.5476708144054596,0.84215798909656,0.3079178682598651,-1.1930420960742247,0.5045391360072083
0.5836689653264049,2.367994211560246,0.3023344554162679,-1.5810857730791494,0.6756053624830575
0.28311321867564754,1.9139627086464528,3.805692883382264,-1.3971833326621335,0.442909053916632
-0.575613096408615,2.1057897859988985,1.1891631612293345,-2.5394152864191954,0.3772726046888239
1.9460609951719188,1.624647350724286,0.36826794432990173,0.5330944057048952,0.9076619731403587
0.4230992774275486,-0.2902849221211725,2.3961783486015262,-1.340697377914592,0.4010194732866274
-1.051092833056022,1.1801076755877533,2.4945951131610644,-1.4509023543006347,0.30216269991615546
-1.592870109518385,2.938678958098033,2.5940192804747526,-0.3612389082781027,0.7368607198830128
-1.388563443262672,2.7495522659884757,1.0696081114301652,-1.231866316275506,0.6193875102790131
-1.0161690864619675,-0.8273050568119533,0.06044273685790014,-0.4070661247686158,0.7265065452878009
-1.3572745069617773,-0.3407407370822515,3.8600614778178874,-2.75421483947685,0.06803495459001585
-1.253731903794777,-0.47308490618175236,1.00357218276441,0.25489337488890973,0.6880756969867753
-0.8596193252246116,1.903919639941182,2.70410515221019,0.7620158115176103,0.6445718154459109
-1.3065056188209807,2.2711413194277803,2.8265194795148383,-0.4049384553624562,0.5217037690495506
1.5870616985057007,-0.14595453475731235,2.4400296683179428,0.818263715435243,0.80882511235418
-1.6790650173534312,1.023410771807316,1.2516295768545929,-2.394270742520147,0.3401249979976226
0.09804555828101869,2.3628121120448,1.084385015056263,-1.0903352420785852,0.6592711613300597
-0.35841269204135395,1.9312061790650024,2.3906731308108125,-0.592773064218211,0.537679961517167
1.9295144676344256,1.1689488219673931,3.464382534446766,-0.6730534103152532,0.681889107210569
-1.5518443913277906,1.3613907618350916,3.7869349156935823,-1.394152883643827,0.25200405153149014
-0.40857760381703345,1.0334421876651199,0.4236232176150305,-1.6476623625349545,0.46164761443417524
1.8778817331014754,0.1901938052752823,0.6193144503908794,-2.492703909798325,0.602324832207263
1.462028503575921,1.2600879714360644,3.7789450351323186,-1.4330301977508872,0.5083193697092288
1.2682882837971197,1.7555412082003627,2.9461409133391703,-2.3493567395780595,0.3890851984667988
-0.9683886918202407,2.4932916634432307,3.5319752993190923,-0.0625372940311264,0.5888247151059907
-1.3164496504397367,1.5451654159169923,0.8105305365413726,-2.16467625802164,0.39951311302890186
0.674572879697724,2.044486148172632,2.3503434844376074,-2.7657387788618646,0.4375035938683574
1.7175039565103432,-0.359713460181708,2.8045583776698946,-0.7905354487310627,0.532460209726757
0.22705157205571913,0.8462298976791596,2.7204475417878906,-0.6190810691223936,0.5687449795990535
0.2864507578795994,-0.9626735206916268,1.6326067634667925,0.487652245122022,0.7200996574146866
-0.8800836253588633,-0.013284541913507919,0.061579566765233906,-0.6920735503292725,0.621678703585705
1.0779717327677476,1.9058468604520193,2.3317042272170525,-1.618076585106217,0.5280217316735015
-1.2518250057699065,2.967239805397454,1.012406156718435,0.2120475261052821,0.8319380671439153
-0.7052830543830253,-0.6032876016511364,1.8010169845715613,-0.8388844272503158,0.48637291947011724
-0.2982542455343329,0.605977263445153,3.8303240603352693,-2.682878861475233,0.090743553799413
0.030441514737820086,2.200283874796638,1.5961412705697389,-0.7365977587470134,0.5695743396919108
-1.030361070339679,-0.18385746148440463,3.359206426657707,0.6320741816866495,0.7059743090985914
-1.5406527010431859,1.220339797209145,0.7541624229970045,-1.4147494980071178,0.39983573028472014
0.4424801697665304,1.9322851841186992,2.6898419921001153,-1.8146967924007997,0.47345276525298563
-0.8454777870389769,1.4639418010407161,3.908027817755774,-2.42612217192792,0.052751018487385
0.3249528856904491,-0.24790106153833547,0.40757240349174717,-2.3942179122585707,0.4537056646682841
-1.3825491389031908,0.4215382747429577,0.03327976890876805,-1.2689140626327244,0.5198526729043643
-0.07543959258073007,2.135167137941589,1.7343311705304574,-0.6172807033538819,0.5734660135153955
0.13035773020634345,1.2169060565280665,0.3705019322054688,-2.677538379321593,0.5724092607312506
-1.7927058527102924,-0.979081545828349,2.9935373987049254,0.7582743561006628,0.7770050411764989
-0.6535828872243177,2.0439630401123754,3.6581946553942357,0.02053446978078366,0.562345086090214
-1.462341292244103,-0.8587545802390437,1.7360838908350353,-0.6535043268653493,0.5604766512486657
-1.746500118108929,1.9829351309249286,1.0348465686217638,0.31375468375596327,0.7404066085415459
1.959840929559781,-0.19007775933905036,1.7376132760264391,-2.679252972751547,0.3593738467019398
-0.7105846201011081,2.832293920477521,2.893791271400004,-1.0926444890675024,0.4479667769972288
1.2394977834185394,0.4717630052083379,0.036216646321483914,-0.47962749255334636,0.7970492332989725
-0.9814373809449446,0.3077264653523164,2.3578159579387887,0.31461162447315694,0.6098144310774073
0.7260108888957171,-0.4044477986702213,2.4531667395495163,0.13387824019707084,0.6685592165545976
1.0409114395587462,0.22241686196085952,2.550752987583742,-1.8917230011464015,0.327629473535509
0.3825549624313771,2.5066030473128023,0.9680883199235089,0.7635206782368171,0.8865124628715103
-0.11369524579936652,2.9853373505089893,2.856210893512507,-2.5026166342765186,0.251870392583557
-0.35263634341092587,0.47323812202739335,0.3655659453271056,0.5005344744846085,0.6959200411456692
-0.6045269338280188,0.7944425238181703,0.7970813458672033,0.8837609984184742,0.6983320458075707
1.7181165769913034,1.8882837528109482,3.5098801866179277,-2.2913859071094977,0.3030177319956558
1.3224776311509165,2.544783121860298,2.9548926029062654,-0.1117357431848589,0.6863869941483719
1.8601076426660503,1.3721773367471366,0.054982216045381005,-2.838857924888006,0.7117181899698958
-1.502811106057821,0.5661027927113174,0.9935050414792008,-1.3783086994433802,0.4306227615192301
0.923469900814577,0.650487363394495,0.8576259319726582,-0.9348668032093039,0.650177519247891
1.7533618272841514,1.7824725859872275,1.0832253121478903,-0.6774190963614637,0.7024309903139565
-1.2750677353373594,-0.9871269455828853,0.9902390811195456,0.743748992994238,0.8091652343433147
-1.73401493053289,1.4783573498393627,0.25010518297138296,-0.31099725082322127,0.5828633811301197
0.9644825971602362,0.4219720417654296,1.8357620663872813,-1.074888195123052,0.5828803646405726
0.2978924527196476,2.176789325108337,2.9309338991446605,0.2387001450635573,0.7510681441860624
1.3673151070330882,-0.6280374407074714,2.4269268988697457,0.8021312838176358,0.7020501426472827
-1.440910493494842,1.352809067793562,2.691486674392319,-2.9117354052708366,0.09740584336696854
1.1810692474395608,0.923891559544495,0.3245967141449566,0.9300850890241548,0.8953523074423667
-1.1934907198090219,1.5693021036209096,3.805962840707149,-2.6554714437452787,0.0
-1.345376228537182,-0.7405856220681266,3.3539673353720993,0.2575471170750454,0.6898617590785282
-1.3429368082760282,1.3199351497125251,3.220361273982651,-1.87866098979435,0.21340419160449997
1.2582988809255284,1.2459383518380949,3.29193522016707,-2.471281368984513,0.3067312462800938
0.6607888827848005,1.2426403776646837,3.7308420325310454,-1.2405774411446604,0.46879934712768667
0.0922616990764773,1.4139506663858192,2.177015864454791,-0.4241736822095459,0.6378853881861835
-0.56467806350599,1.705871748905449,0.8011280714705036,-1.4761926199061,0.470939599272575
1.508802163252433,2.219955998723079,2.4671344314101646,-2.781738366869204,0.3828942384662486
-0.43021957030945845,0.07928288051285737,2.971525974671756,-0.6021554413651335,0.5302676149318936
1.2663977578863084,2.3001976407202482,2.9516695734161016,0.6096131044426989,0.8696566729490436
-0.24346036571912633,0.9930227290538145,2.0857960966675204,-1.4671385362109932,0.36885941814191725
-0.4922222823003697,-0.6917668834626753,0.2738348773343122,-2.134668889476692,0.5468990918799274
-0.14928085732157426,-0.7657962830240832,1.4844517537205113,-1.2296906162687384,0.47557349433207624
-0.7944885033434317,0.3369532747842432,3.6830664338534294,-2.8065491558048765,0.01419870144073792
0.9904375207050045,2.13958790844587,2.337795639029704,0.28195033792109925,0.8373207594343838
0.01088156036991661,1.830723738963663,2.1533277730228537,0.305363243800747,0.7522295894399657
-1.0711492194127308,2.1544598586896258,1.075414057528774,-0.6479981462814863,0.561001046322693
1.5982982930982739,1.0690762257664375,1.4737956796663156,-1.587588444246442,0.5807249062217
-0.46443511450715436,0.7607959918219622,3.581384356612677,0.1991334577831334,0.6231469154917401
0.17421144445595438,-0.4101898931748642,2.665852190107343,-0.7812519008465313,0.4662998829966175
1.6258884438581878,0.3127710144372462,3.1495481070093314,0.3037292342000648,0.7694577125856324
0.4969519836559684,0.7360774646955011,1.8173816922706205,-0.4741648296679175,0.6183407318756056
-1.5324078371665437,-0.6455982812815311,2.5209888778246317,0.1376218928511892,0.6707629305749795
1.7593284944539005,-0.11755218915515497,0.9935344349728301,-0.6057480271289601,0.6567439269520119
0.5108322122856714,1.3929011762549552,2.821843321133945,-1.3434357271373352,0.4680243624988174
-0.6603775413716555,1.9426524569567594,1.7104053348133492,0.8317834397045503,0.7714442526847507
-1.442911709346451,2.9933900455717986,1.7701820592589823,-0.835544700484621,0.6070708479692154
1.176100757081184,2.7324533253742307,2.5972892983075266,-0.5796419258378465,0.6234663694578487
0.4802910237140541,1.5702607981407661,3.7451224858757066,-2.118049442341003,0.32092256074208614
0.1338443679052861,0.684992213176288,0.2560253864344837,-0.4973968422908941,0.6795675600170327
1.5755703322038306,1.5447094588329309,3.2989729493880304,-0.7135694020682246,0.6276856365001207
1.154388844898123,2.142606472320928,1.1695324416487725,-2.2606464082119,0.564114883991688
-1.3933004810689953,-0.5266552363064507,1.7756778180255113,-2.761651610587425,0.3522674376535772
-0.7531117288178071,0.639619558785153,0.08765331510003582,-0.5825627211409157,0.5848432269146822
-1.006043440742137,2.359209142542469,1.2041843113372521,0.05476907740128212,0.6932396024182471
0.9757851702907079,0.535331807732176,2.010524970520522,-0.9063945163119671,0.6037615955360557
-1.8658702610568825,1.2874890849087461,0.22470430938975605,-2.092909498721417,0.48460047602775
0.2795587394852661,1.3510774434487929,1.9643829175326606,-0.3339120932278603,0.6255730115199329
1.0498347429627621,-0.2620949874654426,3.7084425154337093,-2.679577093561591,0.09628869160522995
1.5070625470469978,0.4489417666091535,0.4215728724312209,-1.2326651807921816,0.6574509345134358
-0.6316730051363701,0.3380451549677286,3.0577629123020174,-2.3465329664063193,0.16463743546765788
1.2850292186880514,-0.8952131658717408,1.6386842135039705,-2.2621637957604666,0.3390586232525726
-1.557473052179171,-0.903232944434579,2.620694858097352,-2.1908242033671854,0.3145669313213756
1.3858091669380728,2.326788174703094,1.0409463919409174,-1.4531717718240884,0.6092746735694138
-1.4900453506720703,0.09228323989124965,0.6379690501654331,-2.7953991775184095,0.39907382241284645
-0.41085083775853093,1.0723150649552617,0.6418504570849057,-1.4088262362836073,0.5414951105209286
1.1891814631182145,0.1949022943550922,0.2819677825725786,-0.9531702115411966,0.6252109596007347
-1.4003302906049049,2.762716980461362,0.7425868196049721,-1.0668228601346992,0.6605732919315351
-1.082994419069434,0.037187035463094986,2.656877539955873,-1.4688635983878378,0.3798815969888296
0.8890102735722651,0.7186272509557403,3.526762447374032,0.3565864322830099,0.7345182096542486
0.8801461461842974,2.4909210019384074,3.2565027423646473,-2.4186932303179836,0.3819486246402656
0.5645905315411892,2.3677342671672346,2.7405372394979364,-0.9772130248745041,0.5871105861294756
0.7757937778684001,-0.25559432861489073,0.4417274536444107,-2.751834332173783,0.5423074673514761
0.1708977733903847,2.2105732391828417,1.1567497851837993,-2.715377284488361,0.4963542579396164
-0.992803764372189,0.8327475469515706,1.239227501289876,-0.7045366012916148,0.47433120678875923
-0.6172160259843222,0.9318754883414209,0.9998277855904849,-0.7359263004487162,0.5172381525735348
-1.2736091327942973,-0.4660801103362249,2.0600226388388925,0.5121340513778279,0.7508433466263297
1.6338022453345133,-0.6775939449715014,2.1422152595186903,-0.7685052973597073,0.47254779613177206
0.33356717906448186,1.9117572278950608,1.4275439006844408,0.8391640816194008,0.8573835348418718
-0.39659433294544044,0.985844609421199,1.415156634945744,-2.805220606400281,0.33384426322005906
-0.15197678542346926,0.7474028104607182,3.3142223916243254,-2.6079692608770357,0.11615107262360239
1.7891333584472613,1.918032914609587,3.1571713932787424,-2.8237365537184744,0.2750881572290547
-1.3865943875356792,2.062051595964439,1.2311833267229826,-2.25889259866584,0.39563317347565785
0.34491932806718895,-0.36436732932258575,3.655153775493037,-0.8349195562332876,0.46820577913116895
0.023554715537863924,1.4409005979105651,3.811260068010024,-0.417711274290288,0.5595227411893435
0.4458169417385913,-0.4585836708892579,1.3069701681201633,-2.817659368205325,0.340799180871899
-1.927559264716638,2.0055003441161827,1.4176997951722194,0.7838835593823972,0.8371844508878801
1.488495635776606,1.627820625068558,2.0225366136878353,0.3686615066015242,0.8623344643867681
1.7284731299344496,2.826458484333832,3.764483250134694,-1.8135500713716275,0.3232290291849977
0.26053273435683577,-0.7241679345743153,3.505277732569246,-2.691249879094128,0.12958989752493283
0.786603295507569,-0.7717811153949827,0.4102718503343592,-2.320451707123771,0.4978139880243496
1.6899975247091827,0.12874829877280058,1.5709229730856649,-2.4922223449801093,0.47055404936337303
